Workbook

Sheet Cadastro
A1: servidor | B1: cidade | C1: ip | D1: porta | E1: camera | F1: local_nome | G1: lat | H1: lng | I1: siscop | J1: senha | K1: protocolo | L1: vms | M1: formato | N1: hostname | O1: link | P1: ativo
A2: URBS 1 | B2: CURITIBA | C2: https://monitoramento.pm.pr.gov.br/proxy_image_1/ | D2: 18601 | E2: Camera01 | F2: Brasilio Itibere x Com. Franco | G2: -25.440635 | H2: -49.25217 | I2: copom_DDTQ | J2: DDTQcopom | K2: https | L2: Digifort | M2: mjpg | N2: =$A2 -> URBS 1 | O2: =IF($P2=1,IF($L2 = "Digifort",CONCATENATE($C2,"Interface/Cameras/GetJPEGStream?Camera=",$E2,"&AuthUser=",$I2,"&AuthPass=",$J2,"&Width=1024&Height=768&Quality=70&FPS=10&ResponseFormat=Text"),IF($L2 = "Axxon",CONCATENATE($K2,"://",$I2,":",$J2,"@",$C2,":",$D2,"/live/media/",$N2,"/DeviceIpint.",$E2,"/SourceEndpoint.video:0:0?w=1024&h=768"),"#")),"#") -> https://monitoramento.pm.pr.gov.br/proxy_image_1/Interface/Cameras/GetJPEGStream?Camera=Camera01&AuthUser=copom_DDTQ&AuthPass=DDTQcopom&Width=1024&Height=768&Quality=70&FPS=10&ResponseFormat=Text | P2: 1
A3: URBS 1 | B3: CURITIBA | C3: https://monitoramento.pm.pr.gov.br/proxy_image_1/ | D3: 18601 | E3: Camera02 | F3: Ubaldino Amaral x Visc. Guarapuava | G3: -25.432082 | H3: -49.256586 | I3: copom_DDTQ | J3: DDTQcopom | K3: https | L3: Digifort | M3: mjpg | N3: =$A3 -> URBS 1 | O3: =IF($P3=1,IF($L3 = "Digifort",CONCATENATE($C3,"Interface/Cameras/GetJPEGStream?Camera=",$E3,"&AuthUser=",$I3,"&AuthPass=",$J3,"&Width=1024&Height=768&Quality=70&FPS=10&ResponseFormat=Text"),IF($L3 = "Axxon",CONCATENATE($K3,"://",$I3,":",$J3,"@",$C3,":",$D3,"/live/media/",$N3,"/DeviceIpint.",$E3,"/SourceEndpoint.video:0:0?w=1024&h=768"),"#")),"#") -> https://monitoramento.pm.pr.gov.br/proxy_image_1/Interface/Cameras/GetJPEGStream?Camera=Camera02&AuthUser=copom_DDTQ&AuthPass=DDTQcopom&Width=1024&Height=768&Quality=70&FPS=10&ResponseFormat=Text | P3: 1
A4: URBS 1 | B4: CURITIBA | C4: https://monitoramento.pm.pr.gov.br/proxy_image_1/ | D4: 18601 | E4: Camera03 | F4: XV de Novembro x Jose de Alencar | G4: -25.426727 | H4: -49.253624 | I4: copom_DDTQ | J4: DDTQcopom | K4: https | L4: Digifort | M4: mjpg | N4: =$A4 -> URBS 1 | O4: =IF($P4=1,IF($L4 = "Digifort",CONCATENATE($C4,"Interface/Cameras/GetJPEGStream?Camera=",$E4,"&AuthUser=",$I4,"&AuthPass=",$J4,"&Width=1024&Height=768&Quality=70&FPS=10&ResponseFormat=Text"),IF($L4 = "Axxon",CONCATENATE($K4,"://",$I4,":",$J4,"@",$C4,":",$D4,"/live/media/",$N4,"/DeviceIpint.",$E4,"/SourceEndpoint.video:0:0?w=1024&h=768"),"#")),"#") -> https://monitoramento.pm.pr.gov.br/proxy_image_1/Interface/Cameras/GetJPEGStream?Camera=Camera03&AuthUser=copom_DDTQ&AuthPass=DDTQcopom&Width=1024&Height=768&Quality=70&FPS=10&ResponseFormat=Text | P4: 1
A5: URBS 1 | B5: CURITIBA | C5: https://monitoramento.pm.pr.gov.br/proxy_image_1/ | D5: 18601 | E5: Camera04 | F5: Sete de Abril x Amintas de Barros | G5: -25.423742 | H5: -49.255794 | I5: copom_DDTQ | J5: DDTQcopom | K5: https | L5: Digifort | M5: mjpg | N5: =$A5 -> URBS 1 | O5: =IF($P5=1,IF($L5 = "Digifort",CONCATENATE($C5,"Interface/Cameras/GetJPEGStream?Camera=",$E5,"&AuthUser=",$I5,"&AuthPass=",$J5,"&Width=1024&Height=768&Quality=70&FPS=10&ResponseFormat=Text"),IF($L5 = "Axxon",CONCATENATE($K5,"://",$I5,":",$J5,"@",$C5,":",$D5,"/live/media/",$N5,"/DeviceIpint.",$E5,"/SourceEndpoint.video:0:0?w=1024&h=768"),"#")),"#") -> https://monitoramento.pm.pr.gov.br/proxy_image_1/Interface/Cameras/GetJPEGStream?Camera=Camera04&AuthUser=copom_DDTQ&AuthPass=DDTQcopom&Width=1024&Height=768&Quality=70&FPS=10&ResponseFormat=Text | P5: 1
A6: URBS 1 | B6: CURITIBA | C6: https://monitoramento.pm.pr.gov.br/proxy_image_1/ | D6: 18601 | E6: Camera05 | F6: Ubaldino Amaral x Itupava | G6: -25.424725 | H6: -49.259819 | I6: copom_DDTQ | J6: DDTQcopom | K6: https | L6: Digifort | M6: mjpg | N6: =$A6 -> URBS 1 | O6: =IF($P6=1,IF($L6 = "Digifort",CONCATENATE($C6,"Interface/Cameras/GetJPEGStream?Camera=",$E6,"&AuthUser=",$I6,"&AuthPass=",$J6,"&Width=1024&Height=768&Quality=70&FPS=10&ResponseFormat=Text"),IF($L6 = "Axxon",CONCATENATE($K6,"://",$I6,":",$J6,"@",$C6,":",$D6,"/live/media/",$N6,"/DeviceIpint.",$E6,"/SourceEndpoint.video:0:0?w=1024&h=768"),"#")),"#") -> https://monitoramento.pm.pr.gov.br/proxy_image_1/Interface/Cameras/GetJPEGStream?Camera=Camera05&AuthUser=copom_DDTQ&AuthPass=DDTQcopom&Width=1024&Height=768&Quality=70&FPS=10&ResponseFormat=Text | P6: 1
A7: URBS 1 | B7: CURITIBA | C7: https://monitoramento.pm.pr.gov.br/proxy_image_1/ | D7: 18601 | E7: Camera06 | F7: Maua x Amancio Moro | G7: -25.419905 | H7: -49.259927 | I7: copom_DDTQ | J7: DDTQcopom | K7: https | L7: Digifort | M7: mjpg | N7: =$A7 -> URBS 1 | O7: =IF($P7=1,IF($L7 = "Digifort",CONCATENATE($C7,"Interface/Cameras/GetJPEGStream?Camera=",$E7,"&AuthUser=",$I7,"&AuthPass=",$J7,"&Width=1024&Height=768&Quality=70&FPS=10&ResponseFormat=Text"),IF($L7 = "Axxon",CONCATENATE($K7,"://",$I7,":",$J7,"@",$C7,":",$D7,"/live/media/",$N7,"/DeviceIpint.",$E7,"/SourceEndpoint.video:0:0?w=1024&h=768"),"#")),"#") -> https://monitoramento.pm.pr.gov.br/proxy_image_1/Interface/Cameras/GetJPEGStream?Camera=Camera06&AuthUser=copom_DDTQ&AuthPass=DDTQcopom&Width=1024&Height=768&Quality=70&FPS=10&ResponseFormat=Text | P7: 1
A8: URBS 1 | B8: CURITIBA | C8: https://monitoramento.pm.pr.gov.br/proxy_image_1/ | D8: 18601 | E8: Camera07 | F8: Campos Sales Augusto Severino | G8: -25.416214 | H8: -49.262683 | I8: copom_DDTQ | J8: DDTQcopom | K8: https | L8: Digifort | M8: mjpg | N8: =$A8 -> URBS 1 | O8: =IF($P8=1,IF($L8 = "Digifort",CONCATENATE($C8,"Interface/Cameras/GetJPEGStream?Camera=",$E8,"&AuthUser=",$I8,"&AuthPass=",$J8,"&Width=1024&Height=768&Quality=70&FPS=10&ResponseFormat=Text"),IF($L8 = "Axxon",CONCATENATE($K8,"://",$I8,":",$J8,"@",$C8,":",$D8,"/live/media/",$N8,"/DeviceIpint.",$E8,"/SourceEndpoint.video:0:0?w=1024&h=768"),"#")),"#") -> https://monitoramento.pm.pr.gov.br/proxy_image_1/Interface/Cameras/GetJPEGStream?Camera=Camera07&AuthUser=copom_DDTQ&AuthPass=DDTQcopom&Width=1024&Height=768&Quality=70&FPS=10&ResponseFormat=Text | P8: 1
A9: URBS 1 | B9: CURITIBA | C9: https://monitoramento.pm.pr.gov.br/proxy_image_1/ | D9: 18601 | E9: Camera08 | F9: Des. Motta x Martim Afonso | G9: -25.428931 | H9: -49.286066 | I9: copom_DDTQ | J9: DDTQcopom | K9: https | L9: Digifort | M9: mjpg | N9: =$A9 -> URBS 1 | O9: =IF($P9=1,IF($L9 = "Digifort",CONCATENATE($C9,"Interface/Cameras/GetJPEGStream?Camera=",$E9,"&AuthUser=",$I9,"&AuthPass=",$J9,"&Width=1024&Height=768&Quality=70&FPS=10&ResponseFormat=Text"),IF($L9 = "Axxon",CONCATENATE($K9,"://",$I9,":",$J9,"@",$C9,":",$D9,"/live/media/",$N9,"/DeviceIpint.",$E9,"/SourceEndpoint.video:0:0?w=1024&h=768"),"#")),"#") -> https://monitoramento.pm.pr.gov.br/proxy_image_1/Interface/Cameras/GetJPEGStream?Camera=Camera08&AuthUser=copom_DDTQ&AuthPass=DDTQcopom&Width=1024&Height=768&Quality=70&FPS=10&ResponseFormat=Text | P9: 1
A10: URBS 1 | B10: CURITIBA | C10: https://monitoramento.pm.pr.gov.br/proxy_image_1/ | D10: 18601 | E10: Camera09 | F10: Lysimaco F. Costa x Candido de Abreu | G10: -25.417569 | H10: -49.268569 | I10: copom_DDTQ | J10: DDTQcopom | K10: https | L10: Digifort | M10: mjpg | N10: =$A10 -> URBS 1 | O10: =IF($P10=1,IF($L10 = "Digifort",CONCATENATE($C10,"Interface/Cameras/GetJPEGStream?Camera=",$E10,"&AuthUser=",$I10,"&AuthPass=",$J10,"&Width=1024&Height=768&Quality=70&FPS=10&ResponseFormat=Text"),IF($L10 = "Axxon",CONCATENATE($K10,"://",$I10,":",$J10,"@",$C10,":",$D10,"/live/media/",$N10,"/DeviceIpint.",$E10,"/SourceEndpoint.video:0:0?w=1024&h=768"),"#")),"#") -> https://monitoramento.pm.pr.gov.br/proxy_image_1/Interface/Cameras/GetJPEGStream?Camera=Camera09&AuthUser=copom_DDTQ&AuthPass=DDTQcopom&Width=1024&Height=768&Quality=70&FPS=10&ResponseFormat=Text | P10: 1
A11: URBS 1 | B11: CURITIBA | C11: https://monitoramento.pm.pr.gov.br/proxy_image_1/ | D11: 18601 | E11: Camera10 | F11: Roberto Barroso x Mateus Leme | G11: -25.418142 | H11: -49.271116 | I11: copom_DDTQ | J11: DDTQcopom | K11: https | L11: Digifort | M11: mjpg | N11: =$A11 -> URBS 1 | O11: =IF($P11=1,IF($L11 = "Digifort",CONCATENATE($C11,"Interface/Cameras/GetJPEGStream?Camera=",$E11,"&AuthUser=",$I11,"&AuthPass=",$J11,"&Width=1024&Height=768&Quality=70&FPS=10&ResponseFormat=Text"),IF($L11 = "Axxon",CONCATENATE($K11,"://",$I11,":",$J11,"@",$C11,":",$D11,"/live/media/",$N11,"/DeviceIpint.",$E11,"/SourceEndpoint.video:0:0?w=1024&h=768"),"#")),"#") -> https://monitoramento.pm.pr.gov.br/proxy_image_1/Interface/Cameras/GetJPEGStream?Camera=Camera10&AuthUser=copom_DDTQ&AuthPass=DDTQcopom&Width=1024&Height=768&Quality=70&FPS=10&ResponseFormat=Text | P11: 1
A12: URBS 1 | B12: CURITIBA | C12: https://monitoramento.pm.pr.gov.br/proxy_image_1/ | D12: 18601 | E12: Camera11 | F12: Des Motta x Manoel Ribas | G12: -25.422483 | H12: -49.289099 | I12: copom_DDTQ | J12: DDTQcopom | K12: https | L12: Digifort | M12: mjpg | N12: =$A12 -> URBS 1 | O12: =IF($P12=1,IF($L12 = "Digifort",CONCATENATE($C12,"Interface/Cameras/GetJPEGStream?Camera=",$E12,"&AuthUser=",$I12,"&AuthPass=",$J12,"&Width=1024&Height=768&Quality=70&FPS=10&ResponseFormat=Text"),IF($L12 = "Axxon",CONCATENATE($K12,"://",$I12,":",$J12,"@",$C12,":",$D12,"/live/media/",$N12,"/DeviceIpint.",$E12,"/SourceEndpoint.video:0:0?w=1024&h=768"),"#")),"#") -> https://monitoramento.pm.pr.gov.br/proxy_image_1/Interface/Cameras/GetJPEGStream?Camera=Camera11&AuthUser=copom_DDTQ&AuthPass=DDTQcopom&Width=1024&Height=768&Quality=70&FPS=10&ResponseFormat=Text | P12: 1
A13: URBS 1 | B13: CURITIBA | C13: https://monitoramento.pm.pr.gov.br/proxy_image_1/ | D13: 18601 | E13: Camera12 | F13: Brig. Franco x Padre Agostinho | G13: -25.426126 | H13: -49.285706 | I13: copom_DDTQ | J13: DDTQcopom | K13: https | L13: Digifort | M13: mjpg | N13: =$A13 -> URBS 1 | O13: =IF($P13=1,IF($L13 = "Digifort",CONCATENATE($C13,"Interface/Cameras/GetJPEGStream?Camera=",$E13,"&AuthUser=",$I13,"&AuthPass=",$J13,"&Width=1024&Height=768&Quality=70&FPS=10&ResponseFormat=Text"),IF($L13 = "Axxon",CONCATENATE($K13,"://",$I13,":",$J13,"@",$C13,":",$D13,"/live/media/",$N13,"/DeviceIpint.",$E13,"/SourceEndpoint.video:0:0?w=1024&h=768"),"#")),"#") -> https://monitoramento.pm.pr.gov.br/proxy_image_1/Interface/Cameras/GetJPEGStream?Camera=Camera12&AuthUser=copom_DDTQ&AuthPass=DDTQcopom&Width=1024&Height=768&Quality=70&FPS=10&ResponseFormat=Text | P13: 1
... A98: URBS 2 | B98: CURITIBA | C98: https://monitoramento.pm.pr.gov.br/proxy_image_2/ | D98: 28601 | E98: Camera76 | F98: ET Joao Viana Seiler | G98: -25.454429 | H98: -49.260433 | I98: copom_DDTQ | J98: DDTQcopom | K98: https | L98: Digifort | M98: mjpg | N98: =$A98 -> URBS 2 | O98: =IF($P98=1,IF($L98 = "Digifort",CONCATENATE($C98,"Interface/Cameras/GetJPEGStream?Camera=",$E98,"&AuthUser=",$I98,"&AuthPass=",$J98,"&Width=1024&Height=768&Quality=70&FPS=10&ResponseFormat=Text"),IF($L98 = "Axxon",CONCATENATE($K98,"://",$I98,":",$J98,"@",$C98,":",$D98,"/live/media/",$N98,"/DeviceIpint.",$E98,"/SourceEndpoint.video:0:0?w=1024&h=768"),"#")),"#") -> https://monitoramento.pm.pr.gov.br/proxy_image_2/Interface/Cameras/GetJPEGStream?Camera=Camera76&AuthUser=copom_DDTQ&AuthPass=DDTQcopom&Width=1024&Height=768&Quality=70&FPS=10&ResponseFormat=Text | P98: 1
A99: URBS 2 | B99: CURITIBA | C99: https://monitoramento.pm.pr.gov.br/proxy_image_2/ | D99: 28601 | E99: Camera77 | F99: PANE | G99: 0 | H99: 0 | I99: copom_DDTQ | J99: DDTQcopom | K99: https | L99: Digifort | M99: mjpg | N99: =$A99 -> URBS 2 | O99: =IF($P99=1,IF($L99 = "Digifort",CONCATENATE($C99,"Interface/Cameras/GetJPEGStream?Camera=",$E99,"&AuthUser=",$I99,"&AuthPass=",$J99,"&Width=1024&Height=768&Quality=70&FPS=10&ResponseFormat=Text"),IF($L99 = "Axxon",CONCATENATE($K99,"://",$I99,":",$J99,"@",$C99,":",$D99,"/live/media/",$N99,"/DeviceIpint.",$E99,"/SourceEndpoint.video:0:0?w=1024&h=768"),"#")),"#") -> https://monitoramento.pm.pr.gov.br/proxy_image_2/Interface/Cameras/GetJPEGStream?Camera=Camera77&AuthUser=copom_DDTQ&AuthPass=DDTQcopom&Width=1024&Height=768&Quality=70&FPS=10&ResponseFormat=Text | P99: 1
A100: URBS 2 | B100: CURITIBA | C100: https://monitoramento.pm.pr.gov.br/proxy_image_2/ | D100: 28601 | E100: Camera78 | F100: PANE | G100: 0 | H100: 0 | I100: copom_DDTQ | J100: DDTQcopom | K100: https | L100: Digifort | M100: mjpg | N100: =$A100 -> URBS 2 | O100: =IF($P100=1,IF($L100 = "Digifort",CONCATENATE($C100,"Interface/Cameras/GetJPEGStream?Camera=",$E100,"&AuthUser=",$I100,"&AuthPass=",$J100,"&Width=1024&Height=768&Quality=70&FPS=10&ResponseFormat=Text"),IF($L100 = "Axxon",CONCATENATE($K100,"://",$I100,":",$J100,"@",$C100,":",$D100,"/live/media/",$N100,"/DeviceIpint.",$E100,"/SourceEndpoint.video:0:0?w=1024&h=768"),"#")),"#") -> https://monitoramento.pm.pr.gov.br/proxy_image_2/Interface/Cameras/GetJPEGStream?Camera=Camera78&AuthUser=copom_DDTQ&AuthPass=DDTQcopom&Width=1024&Height=768&Quality=70&FPS=10&ResponseFormat=Text | P100: 1
A101: URBS 2 | B101: CURITIBA | C101: https://monitoramento.pm.pr.gov.br/proxy_image_2/ | D101: 28601 | E101: Camera79 | F101: ET Ferrovila> Boqueirao | G101: -25.440251 | H101: -49.221176 | I101: copom_DDTQ | J101: DDTQcopom | K101: https | L101: Digifort | M101: mjpg | N101: =$A101 -> URBS 2 | O101: =IF($P101=1,IF($L101 = "Digifort",CONCATENATE($C101,"Interface/Cameras/GetJPEGStream?Camera=",$E101,"&AuthUser=",$I101,"&AuthPass=",$J101,"&Width=1024&Height=768&Quality=70&FPS=10&ResponseFormat=Text"),IF($L101 = "Axxon",CONCATENATE($K101,"://",$I101,":",$J101,"@",$C101,":",$D101,"/live/media/",$N101,"/DeviceIpint.",$E101,"/SourceEndpoint.video:0:0?w=1024&h=768"),"#")),"#") -> https://monitoramento.pm.pr.gov.br/proxy_image_2/Interface/Cameras/GetJPEGStream?Camera=Camera79&AuthUser=copom_DDTQ&AuthPass=DDTQcopom&Width=1024&Height=768&Quality=70&FPS=10&ResponseFormat=Text | P101: 1
A102: URBS 2 | B102: CURITIBA | C102: https://monitoramento.pm.pr.gov.br/proxy_image_2/ | D102: 28601 | E102: Camera80 | F102: PANE | G102: 0 | H102: 0 | I102: copom_DDTQ | J102: DDTQcopom | K102: https | L102: Digifort | M102: mjpg | N102: =$A102 -> URBS 2 | O102: =IF($P102=1,IF($L102 = "Digifort",CONCATENATE($C102,"Interface/Cameras/GetJPEGStream?Camera=",$E102,"&AuthUser=",$I102,"&AuthPass=",$J102,"&Width=1024&Height=768&Quality=70&FPS=10&ResponseFormat=Text"),IF($L102 = "Axxon",CONCATENATE($K102,"://",$I102,":",$J102,"@",$C102,":",$D102,"/live/media/",$N102,"/DeviceIpint.",$E102,"/SourceEndpoint.video:0:0?w=1024&h=768"),"#")),"#") -> https://monitoramento.pm.pr.gov.br/proxy_image_2/Interface/Cameras/GetJPEGStream?Camera=Camera80&AuthUser=copom_DDTQ&AuthPass=DDTQcopom&Width=1024&Height=768&Quality=70&FPS=10&ResponseFormat=Text | P102: 1
A103: URBS 2 | B103: CURITIBA | C103: https://monitoramento.pm.pr.gov.br/proxy_image_2/ | D103: 28601 | E103: Camera81 | F103: ET Pç Carlos gomes catraca | G103: -25.433733 | H103: -49.270370 | I103: copom_DDTQ | J103: DDTQcopom | K103: https | L103: Digifort | M103: mjpg | N103: =$A103 -> URBS 2 | O103: =IF($P103=1,IF($L103 = "Digifort",CONCATENATE($C103,"Interface/Cameras/GetJPEGStream?Camera=",$E103,"&AuthUser=",$I103,"&AuthPass=",$J103,"&Width=1024&Height=768&Quality=70&FPS=10&ResponseFormat=Text"),IF($L103 = "Axxon",CONCATENATE($K103,"://",$I103,":",$J103,"@",$C103,":",$D103,"/live/media/",$N103,"/DeviceIpint.",$E103,"/SourceEndpoint.video:0:0?w=1024&h=768"),"#")),"#") -> https://monitoramento.pm.pr.gov.br/proxy_image_2/Interface/Cameras/GetJPEGStream?Camera=Camera81&AuthUser=copom_DDTQ&AuthPass=DDTQcopom&Width=1024&Height=768&Quality=70&FPS=10&ResponseFormat=Text | P103: 1
A104: URBS 2 | B104: CURITIBA | C104: https://monitoramento.pm.pr.gov.br/proxy_image_2/ | D104: 28601 | E104: Camera82 | F104: ET Pç Carlos gomes catraca | G104: -25.433675 | H104: -49.270208 | I104: copom_DDTQ | J104: DDTQcopom | K104: https | L104: Digifort | M104: mjpg | N104: =$A104 -> URBS 2 | O104: =IF($P104=1,IF($L104 = "Digifort",CONCATENATE($C104,"Interface/Cameras/GetJPEGStream?Camera=",$E104,"&AuthUser=",$I104,"&AuthPass=",$J104,"&Width=1024&Height=768&Quality=70&FPS=10&ResponseFormat=Text"),IF($L104 = "Axxon",CONCATENATE($K104,"://",$I104,":",$J104,"@",$C104,":",$D104,"/live/media/",$N104,"/DeviceIpint.",$E104,"/SourceEndpoint.video:0:0?w=1024&h=768"),"#")),"#") -> https://monitoramento.pm.pr.gov.br/proxy_image_2/Interface/Cameras/GetJPEGStream?Camera=Camera82&AuthUser=copom_DDTQ&AuthPass=DDTQcopom&Width=1024&Height=768&Quality=70&FPS=10&ResponseFormat=Text | P104: 1
A105: URBS 2 | B105: CURITIBA | C105: https://monitoramento.pm.pr.gov.br/proxy_image_2/ | D105: 28601 | E105: Camera83 | F105: ET Pç Carlos gomes catraca | G105: -25.433686 | H105: -49.270257 | I105: copom_DDTQ | J105: DDTQcopom | K105: https | L105: Digifort | M105: mjpg | N105: =$A105 -> URBS 2 | O105: =IF($P105=1,IF($L105 = "Digifort",CONCATENATE($C105,"Interface/Cameras/GetJPEGStream?Camera=",$E105,"&AuthUser=",$I105,"&AuthPass=",$J105,"&Width=1024&Height=768&Quality=70&FPS=10&ResponseFormat=Text"),IF($L105 = "Axxon",CONCATENATE($K105,"://",$I105,":",$J105,"@",$C105,":",$D105,"/live/media/",$N105,"/DeviceIpint.",$E105,"/SourceEndpoint.video:0:0?w=1024&h=768"),"#")),"#") -> https://monitoramento.pm.pr.gov.br/proxy_image_2/Interface/Cameras/GetJPEGStream?Camera=Camera83&AuthUser=copom_DDTQ&AuthPass=DDTQcopom&Width=1024&Height=768&Quality=70&FPS=10&ResponseFormat=Text | P105: 1
A106: URBS 2 | B106: CURITIBA | C106: https://monitoramento.pm.pr.gov.br/proxy_image_2/ | D106: 28601 | E106: Camera84 | F106: ET Pç Carlos gomes pinheirinho | G106: -25.433945 | H106: -49.269181 | I106: copom_DDTQ | J106: DDTQcopom | K106: https | L106: Digifort | M106: mjpg | N106: =$A106 -> URBS 2 | O106: =IF($P106=1,IF($L106 = "Digifort",CONCATENATE($C106,"Interface/Cameras/GetJPEGStream?Camera=",$E106,"&AuthUser=",$I106,"&AuthPass=",$J106,"&Width=1024&Height=768&Quality=70&FPS=10&ResponseFormat=Text"),IF($L106 = "Axxon",CONCATENATE($K106,"://",$I106,":",$J106,"@",$C106,":",$D106,"/live/media/",$N106,"/DeviceIpint.",$E106,"/SourceEndpoint.video:0:0?w=1024&h=768"),"#")),"#") -> https://monitoramento.pm.pr.gov.br/proxy_image_2/Interface/Cameras/GetJPEGStream?Camera=Camera84&AuthUser=copom_DDTQ&AuthPass=DDTQcopom&Width=1024&Height=768&Quality=70&FPS=10&ResponseFormat=Text | P106: 1
A107: URBS 2 | B107: CURITIBA | C107: https://monitoramento.pm.pr.gov.br/proxy_image_2/ | D107: 28601 | E107: Camera85 | F107: ET Pç Carlos gomes pinheirinho | G107: -25.434041 | H107: -49.269159 | I107: copom_DDTQ | J107: DDTQcopom | K107: https | L107: Digifort | M107: mjpg | N107: =$A107 -> URBS 2 | O107: =IF($P107=1,IF($L107 = "Digifort",CONCATENATE($C107,"Interface/Cameras/GetJPEGStream?Camera=",$E107,"&AuthUser=",$I107,"&AuthPass=",$J107,"&Width=1024&Height=768&Quality=70&FPS=10&ResponseFormat=Text"),IF($L107 = "Axxon",CONCATENATE($K107,"://",$I107,":",$J107,"@",$C107,":",$D107,"/live/media/",$N107,"/DeviceIpint.",$E107,"/SourceEndpoint.video:0:0?w=1024&h=768"),"#")),"#") -> https://monitoramento.pm.pr.gov.br/proxy_image_2/Interface/Cameras/GetJPEGStream?Camera=Camera85&AuthUser=copom_DDTQ&AuthPass=DDTQcopom&Width=1024&Height=768&Quality=70&FPS=10&ResponseFormat=Text | P107: 1
A108: URBS 2 | B108: CURITIBA | C108: https://monitoramento.pm.pr.gov.br/proxy_image_2/ | D108: 28601 | E108: Camera86 | F108: ET Pç Carlos gomes pinheirinho | G108: -25.434096 | H108: -49.269135 | I108: copom_DDTQ | J108: DDTQcopom | K108: https | L108: Digifort | M108: mjpg | N108: =$A108 -> URBS 2 | O108: =IF($P108=1,IF($L108 = "Digifort",CONCATENATE($C108,"Interface/Cameras/GetJPEGStream?Camera=",$E108,"&AuthUser=",$I108,"&AuthPass=",$J108,"&Width=1024&Height=768&Quality=70&FPS=10&ResponseFormat=Text"),IF($L108 = "Axxon",CONCATENATE($K108,"://",$I108,":",$J108,"@",$C108,":",$D108,"/live/media/",$N108,"/DeviceIpint.",$E108,"/SourceEndpoint.video:0:0?w=1024&h=768"),"#")),"#") -> https://monitoramento.pm.pr.gov.br/proxy_image_2/Interface/Cameras/GetJPEGStream?Camera=Camera86&AuthUser=copom_DDTQ&AuthPass=DDTQcopom&Width=1024&Height=768&Quality=70&FPS=10&ResponseFormat=Text | P108: 1
A109: URBS 2 | B109: CURITIBA | C109: https://monitoramento.pm.pr.gov.br/proxy_image_2/ | D109: 28601 | E109: Camera87 | F109: ET Pç Rui barbosa> Pinhais | G109: -25.436537 | H109: -49.273971 | I109: copom_DDTQ | J109: DDTQcopom | K109: https | L109: Digifort | M109: mjpg | N109: =$A109 -> URBS 2 | O109: =IF($P109=1,IF($L109 = "Digifort",CONCATENATE($C109,"Interface/Cameras/GetJPEGStream?Camera=",$E109,"&AuthUser=",$I109,"&AuthPass=",$J109,"&Width=1024&Height=768&Quality=70&FPS=10&ResponseFormat=Text"),IF($L109 = "Axxon",CONCATENATE($K109,"://",$I109,":",$J109,"@",$C109,":",$D109,"/live/media/",$N109,"/DeviceIpint.",$E109,"/SourceEndpoint.video:0:0?w=1024&h=768"),"#")),"#") -> https://monitoramento.pm.pr.gov.br/proxy_image_2/Interface/Cameras/GetJPEGStream?Camera=Camera87&AuthUser=copom_DDTQ&AuthPass=DDTQcopom&Width=1024&Height=768&Quality=70&FPS=10&ResponseFormat=Text | P109: 1
A110: URBS 2 | B110: CURITIBA | C110: https://monitoramento.pm.pr.gov.br/proxy_image_2/ | D110: 28601 | E110: Camera88 | F110: ET Pç Carlos gomes>boqueirao | G110: -25.433762 | H110: -49.270323 | I110: copom_DDTQ | J110: DDTQcopom | K110: https | L110: Digifort | M110: mjpg | N110: =$A110 -> URBS 2 | O110: =IF($P110=1,IF($L110 = "Digifort",CONCATENATE($C110,"Interface/Cameras/GetJPEGStream?Camera=",$E110,"&AuthUser=",$I110,"&AuthPass=",$J110,"&Width=1024&Height=768&Quality=70&FPS=10&ResponseFormat=Text"),IF($L110 = "Axxon",CONCATENATE($K110,"://",$I110,":",$J110,"@",$C110,":",$D110,"/live/media/",$N110,"/DeviceIpint.",$E110,"/SourceEndpoint.video:0:0?w=1024&h=768"),"#")),"#") -> https://monitoramento.pm.pr.gov.br/proxy_image_2/Interface/Cameras/GetJPEGStream?Camera=Camera88&AuthUser=copom_DDTQ&AuthPass=DDTQcopom&Width=1024&Height=768&Quality=70&FPS=10&ResponseFormat=Text | P110: 1
A111: URBS 2 | B111: CURITIBA | C111: https://monitoramento.pm.pr.gov.br/proxy_image_2/ | D111: 28601 | E111: Camera90 | F111: ET Pç Carlos gomes>boqueirao | G111: -25.433706 | H111: -49.270329 | I111: copom_DDTQ | J111: DDTQcopom | K111: https | L111: Digifort | M111: mjpg | N111: =$A111 -> URBS 2 | O111: =IF($P111=1,IF($L111 = "Digifort",CONCATENATE($C111,"Interface/Cameras/GetJPEGStream?Camera=",$E111,"&AuthUser=",$I111,"&AuthPass=",$J111,"&Width=1024&Height=768&Quality=70&FPS=10&ResponseFormat=Text"),IF($L111 = "Axxon",CONCATENATE($K111,"://",$I111,":",$J111,"@",$C111,":",$D111,"/live/media/",$N111,"/DeviceIpint.",$E111,"/SourceEndpoint.video:0:0?w=1024&h=768"),"#")),"#") -> https://monitoramento.pm.pr.gov.br/proxy_image_2/Interface/Cameras/GetJPEGStream?Camera=Camera90&AuthUser=copom_DDTQ&AuthPass=DDTQcopom&Width=1024&Height=768&Quality=70&FPS=10&ResponseFormat=Text | P111: 1
A112: URBS 2 | B112: CURITIBA | C112: https://monitoramento.pm.pr.gov.br/proxy_image_2/ | D112: 28601 | E112: Camera91 | F112: ET Pç Carlos gomes pinheirinho | G112: -25.433923 | H112: -49.269216 | I112: copom_DDTQ | J112: DDTQcopom | K112: https | L112: Digifort | M112: mjpg | N112: =$A112 -> URBS 2 | O112: =IF($P112=1,IF($L112 = "Digifort",CONCATENATE($C112,"Interface/Cameras/GetJPEGStream?Camera=",$E112,"&AuthUser=",$I112,"&AuthPass=",$J112,"&Width=1024&Height=768&Quality=70&FPS=10&ResponseFormat=Text"),IF($L112 = "Axxon",CONCATENATE($K112,"://",$I112,":",$J112,"@",$C112,":",$D112,"/live/media/",$N112,"/DeviceIpint.",$E112,"/SourceEndpoint.video:0:0?w=1024&h=768"),"#")),"#") -> https://monitoramento.pm.pr.gov.br/proxy_image_2/Interface/Cameras/GetJPEGStream?Camera=Camera91&AuthUser=copom_DDTQ&AuthPass=DDTQcopom&Width=1024&Height=768&Quality=70&FPS=10&ResponseFormat=Text | P112: 1
A113: URBS 2 | B113: CURITIBA | C113: https://monitoramento.pm.pr.gov.br/proxy_image_2/ | D113: 28601 | E113: Camera92 | F113: ET Pç Carlos gomes>boqueirao des. | G113: -25.433638 | H113: -49.269993 | I113: copom_DDTQ | J113: DDTQcopom | K113: https | L113: Digifort | M113: mjpg | N113: =$A113 -> URBS 2 | O113: =IF($P113=1,IF($L113 = "Digifort",CONCATENATE($C113,"Interface/Cameras/GetJPEGStream?Camera=",$E113,"&AuthUser=",$I113,"&AuthPass=",$J113,"&Width=1024&Height=768&Quality=70&FPS=10&ResponseFormat=Text"),IF($L113 = "Axxon",CONCATENATE($K113,"://",$I113,":",$J113,"@",$C113,":",$D113,"/live/media/",$N113,"/DeviceIpint.",$E113,"/SourceEndpoint.video:0:0?w=1024&h=768"),"#")),"#") -> https://monitoramento.pm.pr.gov.br/proxy_image_2/Interface/Cameras/GetJPEGStream?Camera=Camera92&AuthUser=copom_DDTQ&AuthPass=DDTQcopom&Width=1024&Height=768&Quality=70&FPS=10&ResponseFormat=Text | P113: 1
A114: URBS 2 | B114: CURITIBA | C114: https://monitoramento.pm.pr.gov.br/proxy_image_2/ | D114: 28601 | E114: Camera93 | F114: ET Pç Rui barbosa> Pinhais des. | G114: -25.433638 | H114: -49.269993 | I114: copom_DDTQ | J114: DDTQcopom | K114: https | L114: Digifort | M114: mjpg | N114: =$A114 -> URBS 2 | O114: =IF($P114=1,IF($L114 = "Digifort",CONCATENATE($C114,"Interface/Cameras/GetJPEGStream?Camera=",$E114,"&AuthUser=",$I114,"&AuthPass=",$J114,"&Width=1024&Height=768&Quality=70&FPS=10&ResponseFormat=Text"),IF($L114 = "Axxon",CONCATENATE($K114,"://",$I114,":",$J114,"@",$C114,":",$D114,"/live/media/",$N114,"/DeviceIpint.",$E114,"/SourceEndpoint.video:0:0?w=1024&h=768"),"#")),"#") -> https://monitoramento.pm.pr.gov.br/proxy_image_2/Interface/Cameras/GetJPEGStream?Camera=Camera93&AuthUser=copom_DDTQ&AuthPass=DDTQcopom&Width=1024&Height=768&Quality=70&FPS=10&ResponseFormat=Text | P114: 1
... A394: URBS 3 | B394: CURITIBA | C394: https://monitoramento.pm.pr.gov.br/proxy_image_3/ | D394: 38601 | E394: TE010CFTV10 | F394: Terminal Capão Raso > ET Inter II > CIC > Cabral | G394: -25.492077 | H394: -49.293057 | I394: copom_DDTQ | J394: DDTQcopom | K394: https | L394: Digifort | M394: mjpg | N394: =$A394 -> URBS 3 | O394: =IF($P394=1,IF($L394 = "Digifort",CONCATENATE($C394,"Interface/Cameras/GetJPEGStream?Camera=",$E394,"&AuthUser=",$I394,"&AuthPass=",$J394,"&Width=1024&Height=768&Quality=70&FPS=10&ResponseFormat=Text"),IF($L394 = "Axxon",CONCATENATE($K394,"://",$I394,":",$J394,"@",$C394,":",$D394,"/live/media/",$N394,"/DeviceIpint.",$E394,"/SourceEndpoint.video:0:0?w=1024&h=768"),"#")),"#") -> https://monitoramento.pm.pr.gov.br/proxy_image_3/Interface/Cameras/GetJPEGStream?Camera=TE010CFTV10&AuthUser=copom_DDTQ&AuthPass=DDTQcopom&Width=1024&Height=768&Quality=70&FPS=10&ResponseFormat=Text | P394: 1
A395: URBS 3 | B395: CURITIBA | C395: https://monitoramento.pm.pr.gov.br/proxy_image_3/ | D395: 38601 | E395: TE010CFTV11 | F395: Terminal Capão Raso > Sitio Cercado > Horario | G395: 0 | H395: 0 | I395: copom_DDTQ | J395: DDTQcopom | K395: https | L395: Digifort | M395: mjpg | N395: =$A395 -> URBS 3 | O395: =IF($P395=1,IF($L395 = "Digifort",CONCATENATE($C395,"Interface/Cameras/GetJPEGStream?Camera=",$E395,"&AuthUser=",$I395,"&AuthPass=",$J395,"&Width=1024&Height=768&Quality=70&FPS=10&ResponseFormat=Text"),IF($L395 = "Axxon",CONCATENATE($K395,"://",$I395,":",$J395,"@",$C395,":",$D395,"/live/media/",$N395,"/DeviceIpint.",$E395,"/SourceEndpoint.video:0:0?w=1024&h=768"),"#")),"#") -> https://monitoramento.pm.pr.gov.br/proxy_image_3/Interface/Cameras/GetJPEGStream?Camera=TE010CFTV11&AuthUser=copom_DDTQ&AuthPass=DDTQcopom&Width=1024&Height=768&Quality=70&FPS=10&ResponseFormat=Text | P395: 1
A396: URBS 3 | B396: CURITIBA | C396: https://monitoramento.pm.pr.gov.br/proxy_image_3/ | D396: 38601 | E396: TE010CFTV12 | F396: Terminal Capão Raso > Entrada 1 | G396: -25.492477 | H396: -49.293015 | I396: copom_DDTQ | J396: DDTQcopom | K396: https | L396: Digifort | M396: mjpg | N396: =$A396 -> URBS 3 | O396: =IF($P396=1,IF($L396 = "Digifort",CONCATENATE($C396,"Interface/Cameras/GetJPEGStream?Camera=",$E396,"&AuthUser=",$I396,"&AuthPass=",$J396,"&Width=1024&Height=768&Quality=70&FPS=10&ResponseFormat=Text"),IF($L396 = "Axxon",CONCATENATE($K396,"://",$I396,":",$J396,"@",$C396,":",$D396,"/live/media/",$N396,"/DeviceIpint.",$E396,"/SourceEndpoint.video:0:0?w=1024&h=768"),"#")),"#") -> https://monitoramento.pm.pr.gov.br/proxy_image_3/Interface/Cameras/GetJPEGStream?Camera=TE010CFTV12&AuthUser=copom_DDTQ&AuthPass=DDTQcopom&Width=1024&Height=768&Quality=70&FPS=10&ResponseFormat=Text | P396: 1
A397: URBS 3 | B397: CURITIBA | C397: https://monitoramento.pm.pr.gov.br/proxy_image_3/ | D397: 38601 | E397: TE010CFTV13 | F397: Terminal Capão Raso > Expresso Pinheirinho | G397: -25.491783 | H397: -49.293661 | I397: copom_DDTQ | J397: DDTQcopom | K397: https | L397: Digifort | M397: mjpg | N397: =$A397 -> URBS 3 | O397: =IF($P397=1,IF($L397 = "Digifort",CONCATENATE($C397,"Interface/Cameras/GetJPEGStream?Camera=",$E397,"&AuthUser=",$I397,"&AuthPass=",$J397,"&Width=1024&Height=768&Quality=70&FPS=10&ResponseFormat=Text"),IF($L397 = "Axxon",CONCATENATE($K397,"://",$I397,":",$J397,"@",$C397,":",$D397,"/live/media/",$N397,"/DeviceIpint.",$E397,"/SourceEndpoint.video:0:0?w=1024&h=768"),"#")),"#") -> https://monitoramento.pm.pr.gov.br/proxy_image_3/Interface/Cameras/GetJPEGStream?Camera=TE010CFTV13&AuthUser=copom_DDTQ&AuthPass=DDTQcopom&Width=1024&Height=768&Quality=70&FPS=10&ResponseFormat=Text | P397: 1
A398: URBS 3 | B398: CURITIBA | C398: https://monitoramento.pm.pr.gov.br/proxy_image_3/ | D398: 38601 | E398: TE010CFTV14 | F398: Terminal Capão Raso > Entrada 2 | G398: -25.492398 | H398: -49.293616 | I398: copom_DDTQ | J398: DDTQcopom | K398: https | L398: Digifort | M398: mjpg | N398: =$A398 -> URBS 3 | O398: =IF($P398=1,IF($L398 = "Digifort",CONCATENATE($C398,"Interface/Cameras/GetJPEGStream?Camera=",$E398,"&AuthUser=",$I398,"&AuthPass=",$J398,"&Width=1024&Height=768&Quality=70&FPS=10&ResponseFormat=Text"),IF($L398 = "Axxon",CONCATENATE($K398,"://",$I398,":",$J398,"@",$C398,":",$D398,"/live/media/",$N398,"/DeviceIpint.",$E398,"/SourceEndpoint.video:0:0?w=1024&h=768"),"#")),"#") -> https://monitoramento.pm.pr.gov.br/proxy_image_3/Interface/Cameras/GetJPEGStream?Camera=TE010CFTV14&AuthUser=copom_DDTQ&AuthPass=DDTQcopom&Width=1024&Height=768&Quality=70&FPS=10&ResponseFormat=Text | P398: 1
A399: URBS 3 | B399: CURITIBA | C399: https://monitoramento.pm.pr.gov.br/proxy_image_3/ | D399: 38601 | E399: TE010CFTV15 | F399: Terminal Capão Raso > Entrada 3 | G399: -25.492236 | H399: -49.293346 | I399: copom_DDTQ | J399: DDTQcopom | K399: https | L399: Digifort | M399: mjpg | N399: =$A399 -> URBS 3 | O399: =IF($P399=1,IF($L399 = "Digifort",CONCATENATE($C399,"Interface/Cameras/GetJPEGStream?Camera=",$E399,"&AuthUser=",$I399,"&AuthPass=",$J399,"&Width=1024&Height=768&Quality=70&FPS=10&ResponseFormat=Text"),IF($L399 = "Axxon",CONCATENATE($K399,"://",$I399,":",$J399,"@",$C399,":",$D399,"/live/media/",$N399,"/DeviceIpint.",$E399,"/SourceEndpoint.video:0:0?w=1024&h=768"),"#")),"#") -> https://monitoramento.pm.pr.gov.br/proxy_image_3/Interface/Cameras/GetJPEGStream?Camera=TE010CFTV15&AuthUser=copom_DDTQ&AuthPass=DDTQcopom&Width=1024&Height=768&Quality=70&FPS=10&ResponseFormat=Text | P399: 1
A400: URBS 3 | B400: CURITIBA | C400: https://monitoramento.pm.pr.gov.br/proxy_image_3/ | D400: 38601 | E400: TE010CFTV16 | F400: Terminal Capão Raso > Vila São Pedro | G400: -25.492267 | H400: -49.293255 | I400: copom_DDTQ | J400: DDTQcopom | K400: https | L400: Digifort | M400: mjpg | N400: =$A400 -> URBS 3 | O400: =IF($P400=1,IF($L400 = "Digifort",CONCATENATE($C400,"Interface/Cameras/GetJPEGStream?Camera=",$E400,"&AuthUser=",$I400,"&AuthPass=",$J400,"&Width=1024&Height=768&Quality=70&FPS=10&ResponseFormat=Text"),IF($L400 = "Axxon",CONCATENATE($K400,"://",$I400,":",$J400,"@",$C400,":",$D400,"/live/media/",$N400,"/DeviceIpint.",$E400,"/SourceEndpoint.video:0:0?w=1024&h=768"),"#")),"#") -> https://monitoramento.pm.pr.gov.br/proxy_image_3/Interface/Cameras/GetJPEGStream?Camera=TE010CFTV16&AuthUser=copom_DDTQ&AuthPass=DDTQcopom&Width=1024&Height=768&Quality=70&FPS=10&ResponseFormat=Text | P400: 1
A401: URBS 3 | B401: CURITIBA | C401: https://monitoramento.pm.pr.gov.br/proxy_image_3/ | D401: 38601 | E401: TE010CFTV17 | F401: Terminal Capão Raso > Entrada 4 | G401: -25.492226 | H401: -49.293030 | I401: copom_DDTQ | J401: DDTQcopom | K401: https | L401: Digifort | M401: mjpg | N401: =$A401 -> URBS 3 | O401: =IF($P401=1,IF($L401 = "Digifort",CONCATENATE($C401,"Interface/Cameras/GetJPEGStream?Camera=",$E401,"&AuthUser=",$I401,"&AuthPass=",$J401,"&Width=1024&Height=768&Quality=70&FPS=10&ResponseFormat=Text"),IF($L401 = "Axxon",CONCATENATE($K401,"://",$I401,":",$J401,"@",$C401,":",$D401,"/live/media/",$N401,"/DeviceIpint.",$E401,"/SourceEndpoint.video:0:0?w=1024&h=768"),"#")),"#") -> https://monitoramento.pm.pr.gov.br/proxy_image_3/Interface/Cameras/GetJPEGStream?Camera=TE010CFTV17&AuthUser=copom_DDTQ&AuthPass=DDTQcopom&Width=1024&Height=768&Quality=70&FPS=10&ResponseFormat=Text | P401: 1
A402: URBS 3 | B402: CURITIBA | C402: https://monitoramento.pm.pr.gov.br/proxy_image_3/ | D402: 38601 | E402: TE011CFTV01 | F402: Terminal Carmo > Expresso> Centro | G402: -25.501797 | H402: -49.237450 | I402: copom_DDTQ | J402: DDTQcopom | K402: https | L402: Digifort | M402: mjpg | N402: =$A402 -> URBS 3 | O402: =IF($P402=1,IF($L402 = "Digifort",CONCATENATE($C402,"Interface/Cameras/GetJPEGStream?Camera=",$E402,"&AuthUser=",$I402,"&AuthPass=",$J402,"&Width=1024&Height=768&Quality=70&FPS=10&ResponseFormat=Text"),IF($L402 = "Axxon",CONCATENATE($K402,"://",$I402,":",$J402,"@",$C402,":",$D402,"/live/media/",$N402,"/DeviceIpint.",$E402,"/SourceEndpoint.video:0:0?w=1024&h=768"),"#")),"#") -> https://monitoramento.pm.pr.gov.br/proxy_image_3/Interface/Cameras/GetJPEGStream?Camera=TE011CFTV01&AuthUser=copom_DDTQ&AuthPass=DDTQcopom&Width=1024&Height=768&Quality=70&FPS=10&ResponseFormat=Text | P402: 1
A403: URBS 3 | B403: CURITIBA | C403: https://monitoramento.pm.pr.gov.br/proxy_image_3/ | D403: 38601 | E403: TE011CFTV02 | F403: Terminal Carmo > Interbairros III > Capão raso | G403: -25.501154 | H403: -49.237680 | I403: copom_DDTQ | J403: DDTQcopom | K403: https | L403: Digifort | M403: mjpg | N403: =$A403 -> URBS 3 | O403: =IF($P403=1,IF($L403 = "Digifort",CONCATENATE($C403,"Interface/Cameras/GetJPEGStream?Camera=",$E403,"&AuthUser=",$I403,"&AuthPass=",$J403,"&Width=1024&Height=768&Quality=70&FPS=10&ResponseFormat=Text"),IF($L403 = "Axxon",CONCATENATE($K403,"://",$I403,":",$J403,"@",$C403,":",$D403,"/live/media/",$N403,"/DeviceIpint.",$E403,"/SourceEndpoint.video:0:0?w=1024&h=768"),"#")),"#") -> https://monitoramento.pm.pr.gov.br/proxy_image_3/Interface/Cameras/GetJPEGStream?Camera=TE011CFTV02&AuthUser=copom_DDTQ&AuthPass=DDTQcopom&Width=1024&Height=768&Quality=70&FPS=10&ResponseFormat=Text | P403: 1
A404: URBS 3 | B404: CURITIBA | C404: https://monitoramento.pm.pr.gov.br/proxy_image_3/ | D404: 38601 | E404: TE011CFTV03 | F404: Terminal Carmo > Iguape 1 | G404: -25.501427 | H404: -49.237643 | I404: copom_DDTQ | J404: DDTQcopom | K404: https | L404: Digifort | M404: mjpg | N404: =$A404 -> URBS 3 | O404: =IF($P404=1,IF($L404 = "Digifort",CONCATENATE($C404,"Interface/Cameras/GetJPEGStream?Camera=",$E404,"&AuthUser=",$I404,"&AuthPass=",$J404,"&Width=1024&Height=768&Quality=70&FPS=10&ResponseFormat=Text"),IF($L404 = "Axxon",CONCATENATE($K404,"://",$I404,":",$J404,"@",$C404,":",$D404,"/live/media/",$N404,"/DeviceIpint.",$E404,"/SourceEndpoint.video:0:0?w=1024&h=768"),"#")),"#") -> https://monitoramento.pm.pr.gov.br/proxy_image_3/Interface/Cameras/GetJPEGStream?Camera=TE011CFTV03&AuthUser=copom_DDTQ&AuthPass=DDTQcopom&Width=1024&Height=768&Quality=70&FPS=10&ResponseFormat=Text | P404: 1
A405: URBS 3 | B405: CURITIBA | C405: https://monitoramento.pm.pr.gov.br/proxy_image_3/ | D405: 38601 | E405: TE011CFTV04 | F405: Terminal Carmo > Expresso> Boqueirão | G405: -25.501044 | H405: -49.237723 | I405: copom_DDTQ | J405: DDTQcopom | K405: https | L405: Digifort | M405: mjpg | N405: =$A405 -> URBS 3 | O405: =IF($P405=1,IF($L405 = "Digifort",CONCATENATE($C405,"Interface/Cameras/GetJPEGStream?Camera=",$E405,"&AuthUser=",$I405,"&AuthPass=",$J405,"&Width=1024&Height=768&Quality=70&FPS=10&ResponseFormat=Text"),IF($L405 = "Axxon",CONCATENATE($K405,"://",$I405,":",$J405,"@",$C405,":",$D405,"/live/media/",$N405,"/DeviceIpint.",$E405,"/SourceEndpoint.video:0:0?w=1024&h=768"),"#")),"#") -> https://monitoramento.pm.pr.gov.br/proxy_image_3/Interface/Cameras/GetJPEGStream?Camera=TE011CFTV04&AuthUser=copom_DDTQ&AuthPass=DDTQcopom&Width=1024&Height=768&Quality=70&FPS=10&ResponseFormat=Text | P405: 1
A406: URBS 3 | B406: CURITIBA | C406: https://monitoramento.pm.pr.gov.br/proxy_image_3/ | D406: 38601 | E406: TE011CFTV05 | F406: PANE Terminal Carmo > ET > Bairro | G406: -25.500858 | H406: -49.237652 | I406: copom_DDTQ | J406: DDTQcopom | K406: https | L406: Digifort | M406: mjpg | N406: =$A406 -> URBS 3 | O406: =IF($P406=1,IF($L406 = "Digifort",CONCATENATE($C406,"Interface/Cameras/GetJPEGStream?Camera=",$E406,"&AuthUser=",$I406,"&AuthPass=",$J406,"&Width=1024&Height=768&Quality=70&FPS=10&ResponseFormat=Text"),IF($L406 = "Axxon",CONCATENATE($K406,"://",$I406,":",$J406,"@",$C406,":",$D406,"/live/media/",$N406,"/DeviceIpint.",$E406,"/SourceEndpoint.video:0:0?w=1024&h=768"),"#")),"#") -> https://monitoramento.pm.pr.gov.br/proxy_image_3/Interface/Cameras/GetJPEGStream?Camera=TE011CFTV05&AuthUser=copom_DDTQ&AuthPass=DDTQcopom&Width=1024&Height=768&Quality=70&FPS=10&ResponseFormat=Text | P406: 1
A407: URBS 3 | B407: CURITIBA | C407: https://monitoramento.pm.pr.gov.br/proxy_image_3/ | D407: 38601 | E407: TE011CFTV06 | F407: PANE Terminal Carmo > ET > Centro | G407: -25.501648 | H407: -49.237677 | I407: copom_DDTQ | J407: DDTQcopom | K407: https | L407: Digifort | M407: mjpg | N407: =$A407 -> URBS 3 | O407: =IF($P407=1,IF($L407 = "Digifort",CONCATENATE($C407,"Interface/Cameras/GetJPEGStream?Camera=",$E407,"&AuthUser=",$I407,"&AuthPass=",$J407,"&Width=1024&Height=768&Quality=70&FPS=10&ResponseFormat=Text"),IF($L407 = "Axxon",CONCATENATE($K407,"://",$I407,":",$J407,"@",$C407,":",$D407,"/live/media/",$N407,"/DeviceIpint.",$E407,"/SourceEndpoint.video:0:0?w=1024&h=768"),"#")),"#") -> https://monitoramento.pm.pr.gov.br/proxy_image_3/Interface/Cameras/GetJPEGStream?Camera=TE011CFTV06&AuthUser=copom_DDTQ&AuthPass=DDTQcopom&Width=1024&Height=768&Quality=70&FPS=10&ResponseFormat=Text | P407: 1
... A528: URBS 4 | B528: CURITIBA | C528: https://monitoramento.pm.pr.gov.br/proxy_image_4/ | D528: 48601 | E528: Camera89 | F528: ET Carlos Gomes > Pineirinho portas | G528: -25.434047 | H528: -49.269153 | I528: copom_DDTQ | J528: DDTQcopom | K528: https | L528: Digifort | M528: mjpg | N528: =$A528 -> URBS 4 | O528: =IF($P528=1,IF($L528 = "Digifort",CONCATENATE($C528,"Interface/Cameras/GetJPEGStream?Camera=",$E528,"&AuthUser=",$I528,"&AuthPass=",$J528,"&Width=1024&Height=768&Quality=70&FPS=10&ResponseFormat=Text"),IF($L528 = "Axxon",CONCATENATE($K528,"://",$I528,":",$J528,"@",$C528,":",$D528,"/live/media/",$N528,"/DeviceIpint.",$E528,"/SourceEndpoint.video:0:0?w=1024&h=768"),"#")),"#") -> https://monitoramento.pm.pr.gov.br/proxy_image_4/Interface/Cameras/GetJPEGStream?Camera=Camera89&AuthUser=copom_DDTQ&AuthPass=DDTQcopom&Width=1024&Height=768&Quality=70&FPS=10&ResponseFormat=Text | P528: 1
A529: URBS 4 | B529: CURITIBA | C529: https://monitoramento.pm.pr.gov.br/proxy_image_4/ | D529: 48601 | E529: TE023CFTV01 | F529: TERM. GUDALUPE C1 | G529: 0 | H529: 0 | I529: copom_DDTQ | J529: 1 | K529: https | M529: mjpg | N529: URBS 4 | O529: =IF($P529=1,IF($L529 = "Digifort",CONCATENATE($C529,"Interface/Cameras/GetJPEGStream?Camera=",$E529,"&AuthUser=",$I529,"&AuthPass=",$J529,"&Width=1024&Height=768&Quality=70&FPS=10&ResponseFormat=Text"),IF($L529 = "Axxon",CONCATENATE($K529,"://",$I529,":",$J529,"@",$C529,":",$D529,"/live/media/",$N529,"/DeviceIpint.",$E529,"/SourceEndpoint.video:0:0?w=1024&h=768"),"#")),"#") -> # | P529: 0
A530: URBS 4 | B530: CURITIBA | C530: https://monitoramento.pm.pr.gov.br/proxy_image_4/ | D530: 48601 | E530: TE023CFTV02 | F530: TERM. GUDALUPE C2 | G530: 0 | H530: 0 | I530: copom_DDTQ | J530: 1 | K530: https | M530: mjpg | N530: URBS 4 | O530: =IF($P530=1,IF($L530 = "Digifort",CONCATENATE($C530,"Interface/Cameras/GetJPEGStream?Camera=",$E530,"&AuthUser=",$I530,"&AuthPass=",$J530,"&Width=1024&Height=768&Quality=70&FPS=10&ResponseFormat=Text"),IF($L530 = "Axxon",CONCATENATE($K530,"://",$I530,":",$J530,"@",$C530,":",$D530,"/live/media/",$N530,"/DeviceIpint.",$E530,"/SourceEndpoint.video:0:0?w=1024&h=768"),"#")),"#") -> # | P530: 1
A531: URBS 4 | B531: CURITIBA | C531: https://monitoramento.pm.pr.gov.br/proxy_image_4/ | D531: 48601 | E531: TE023CFTV03 | F531: TERM. GUDALUPE C3 | G531: 0 | H531: 0 | I531: copom_DDTQ | J531: 1 | K531: https | M531: mjpg | N531: URBS 4 | O531: =IF($P531=1,IF($L531 = "Digifort",CONCATENATE($C531,"Interface/Cameras/GetJPEGStream?Camera=",$E531,"&AuthUser=",$I531,"&AuthPass=",$J531,"&Width=1024&Height=768&Quality=70&FPS=10&ResponseFormat=Text"),IF($L531 = "Axxon",CONCATENATE($K531,"://",$I531,":",$J531,"@",$C531,":",$D531,"/live/media/",$N531,"/DeviceIpint.",$E531,"/SourceEndpoint.video:0:0?w=1024&h=768"),"#")),"#") -> # | P531: 1
A532: URBS 4 | B532: CURITIBA | C532: https://monitoramento.pm.pr.gov.br/proxy_image_4/ | D532: 48601 | E532: TE023CFTV04 | F532: TERM. GUDALUPE C4 | G532: 0 | H532: 0 | I532: copom_DDTQ | J532: 1 | K532: https | M532: mjpg | N532: URBS 4 | O532: =IF($P532=1,IF($L532 = "Digifort",CONCATENATE($C532,"Interface/Cameras/GetJPEGStream?Camera=",$E532,"&AuthUser=",$I532,"&AuthPass=",$J532,"&Width=1024&Height=768&Quality=70&FPS=10&ResponseFormat=Text"),IF($L532 = "Axxon",CONCATENATE($K532,"://",$I532,":",$J532,"@",$C532,":",$D532,"/live/media/",$N532,"/DeviceIpint.",$E532,"/SourceEndpoint.video:0:0?w=1024&h=768"),"#")),"#") -> # | P532: 1
A533: URBS 4 | B533: CURITIBA | C533: https://monitoramento.pm.pr.gov.br/proxy_image_4/ | D533: 48601 | E533: TE023CFTV05 | F533: TERM. GUDALUPE C5 | G533: 0 | H533: 0 | I533: copom_DDTQ | J533: 1 | K533: https | M533: mjpg | N533: URBS 4 | O533: =IF($P533=1,IF($L533 = "Digifort",CONCATENATE($C533,"Interface/Cameras/GetJPEGStream?Camera=",$E533,"&AuthUser=",$I533,"&AuthPass=",$J533,"&Width=1024&Height=768&Quality=70&FPS=10&ResponseFormat=Text"),IF($L533 = "Axxon",CONCATENATE($K533,"://",$I533,":",$J533,"@",$C533,":",$D533,"/live/media/",$N533,"/DeviceIpint.",$E533,"/SourceEndpoint.video:0:0?w=1024&h=768"),"#")),"#") -> # | P533: 1
A534: URBS 4 | B534: CURITIBA | C534: https://monitoramento.pm.pr.gov.br/proxy_image_4/ | D534: 48601 | E534: TE023CFTV06 | F534: TERM. GUDALUPE C6 | G534: 0 | H534: 0 | I534: copom_DDTQ | J534: 1 | K534: https | M534: mjpg | N534: URBS 4 | O534: =IF($P534=1,IF($L534 = "Digifort",CONCATENATE($C534,"Interface/Cameras/GetJPEGStream?Camera=",$E534,"&AuthUser=",$I534,"&AuthPass=",$J534,"&Width=1024&Height=768&Quality=70&FPS=10&ResponseFormat=Text"),IF($L534 = "Axxon",CONCATENATE($K534,"://",$I534,":",$J534,"@",$C534,":",$D534,"/live/media/",$N534,"/DeviceIpint.",$E534,"/SourceEndpoint.video:0:0?w=1024&h=768"),"#")),"#") -> # | P534: 1
A535: URBS 4 | B535: CURITIBA | C535: https://monitoramento.pm.pr.gov.br/proxy_image_4/ | D535: 48601 | E535: TE023CFTV07 | F535: TERM. GUDALUPE C7 | G535: 0 | H535: 0 | I535: copom_DDTQ | J535: 1 | K535: https | M535: mjpg | N535: URBS 4 | O535: =IF($P535=1,IF($L535 = "Digifort",CONCATENATE($C535,"Interface/Cameras/GetJPEGStream?Camera=",$E535,"&AuthUser=",$I535,"&AuthPass=",$J535,"&Width=1024&Height=768&Quality=70&FPS=10&ResponseFormat=Text"),IF($L535 = "Axxon",CONCATENATE($K535,"://",$I535,":",$J535,"@",$C535,":",$D535,"/live/media/",$N535,"/DeviceIpint.",$E535,"/SourceEndpoint.video:0:0?w=1024&h=768"),"#")),"#") -> # | P535: 1
A536: GUARATUBA | B536: GUARATUBA | C536: https://monitoramento.pm.pr.gov.br/proxy_image_6/ | D536: 8601 | E536: C.001 | F536: SPD - Av. Atlântica x R.Alois Cicatka (Ponta Caleiras) | G536: -25.872658 | H536: -48.564636 | I536: siscop | J536: Siscop1234 | K536: https | L536: Digifort | M536: mjpg | N536: GUARATUBA | O536: =IF($P536=1,IF($L536 = "Digifort",CONCATENATE($C536,"Interface/Cameras/GetJPEGStream?Camera=",$E536,"&AuthUser=",$I536,"&AuthPass=",$J536,"&Width=1024&Height=768&Quality=70&FPS=10&ResponseFormat=Text"),IF($L536 = "Axxon",CONCATENATE($K536,"://",$I536,":",$J536,"@",$C536,":",$D536,"/live/media/",$N536,"/DeviceIpint.",$E536,"/SourceEndpoint.video:0:0?w=1024&h=768"),"#")),"#") -> https://monitoramento.pm.pr.gov.br/proxy_image_6/Interface/Cameras/GetJPEGStream?Camera=C.001&AuthUser=siscop&AuthPass=Siscop1234&Width=1024&Height=768&Quality=70&FPS=10&ResponseFormat=Text | P536: 1
A537: GUARATUBA | B537: GUARATUBA | C537: https://monitoramento.pm.pr.gov.br/proxy_image_6/ | D537: 8601 | E537: C.002 | F537: Av. Atlântica x R.Alois Cicatka (Ponta Caleiras) | G537: -25.872658 | H537: -48.564629 | I537: siscop | J537: Siscop1234 | K537: https | L537: Digifort | M537: mjpg | N537: GUARATUBA | O537: =IF($P537=1,IF($L537 = "Digifort",CONCATENATE($C537,"Interface/Cameras/GetJPEGStream?Camera=",$E537,"&AuthUser=",$I537,"&AuthPass=",$J537,"&Width=1024&Height=768&Quality=70&FPS=10&ResponseFormat=Text"),IF($L537 = "Axxon",CONCATENATE($K537,"://",$I537,":",$J537,"@",$C537,":",$D537,"/live/media/",$N537,"/DeviceIpint.",$E537,"/SourceEndpoint.video:0:0?w=1024&h=768"),"#")),"#") -> https://monitoramento.pm.pr.gov.br/proxy_image_6/Interface/Cameras/GetJPEGStream?Camera=C.002&AuthUser=siscop&AuthPass=Siscop1234&Width=1024&Height=768&Quality=70&FPS=10&ResponseFormat=Text | P537: 1
A538: GUARATUBA | B538: GUARATUBA | C538: https://monitoramento.pm.pr.gov.br/proxy_image_6/ | D538: 8601 | E538: C.003 | F538: Saguao da Prefeitura Sede Nova | G538: -25.876272 | H538: -48.575081 | I538: siscop | J538: Siscop1234 | K538: https | L538: Digifort | M538: mjpg | N538: GUARATUBA | O538: =IF($P538=1,IF($L538 = "Digifort",CONCATENATE($C538,"Interface/Cameras/GetJPEGStream?Camera=",$E538,"&AuthUser=",$I538,"&AuthPass=",$J538,"&Width=1024&Height=768&Quality=70&FPS=10&ResponseFormat=Text"),IF($L538 = "Axxon",CONCATENATE($K538,"://",$I538,":",$J538,"@",$C538,":",$D538,"/live/media/",$N538,"/DeviceIpint.",$E538,"/SourceEndpoint.video:0:0?w=1024&h=768"),"#")),"#") -> https://monitoramento.pm.pr.gov.br/proxy_image_6/Interface/Cameras/GetJPEGStream?Camera=C.003&AuthUser=siscop&AuthPass=Siscop1234&Width=1024&Height=768&Quality=70&FPS=10&ResponseFormat=Text | P538: 1
A539: GUARATUBA | B539: GUARATUBA | C539: https://monitoramento.pm.pr.gov.br/proxy_image_6/ | D539: 8601 | E539: C.004 | F539: SPD - Av. 29 de Abril x Av. Curitiba | G539: -25.881739 | H539: -48.568729 | I539: siscop | J539: Siscop1234 | K539: https | L539: Digifort | M539: mjpg | N539: GUARATUBA | O539: =IF($P539=1,IF($L539 = "Digifort",CONCATENATE($C539,"Interface/Cameras/GetJPEGStream?Camera=",$E539,"&AuthUser=",$I539,"&AuthPass=",$J539,"&Width=1024&Height=768&Quality=70&FPS=10&ResponseFormat=Text"),IF($L539 = "Axxon",CONCATENATE($K539,"://",$I539,":",$J539,"@",$C539,":",$D539,"/live/media/",$N539,"/DeviceIpint.",$E539,"/SourceEndpoint.video:0:0?w=1024&h=768"),"#")),"#") -> https://monitoramento.pm.pr.gov.br/proxy_image_6/Interface/Cameras/GetJPEGStream?Camera=C.004&AuthUser=siscop&AuthPass=Siscop1234&Width=1024&Height=768&Quality=70&FPS=10&ResponseFormat=Text | P539: 1
A540: GUARATUBA | B540: GUARATUBA | C540: https://monitoramento.pm.pr.gov.br/proxy_image_6/ | D540: 8601 | E540: C.005 | F540: Av. 29 de Abril x Av. Curitiba | G540: -25.881800 | H540: -48.568718 | I540: siscop | J540: Siscop1234 | K540: https | L540: Digifort | M540: mjpg | N540: GUARATUBA | O540: =IF($P540=1,IF($L540 = "Digifort",CONCATENATE($C540,"Interface/Cameras/GetJPEGStream?Camera=",$E540,"&AuthUser=",$I540,"&AuthPass=",$J540,"&Width=1024&Height=768&Quality=70&FPS=10&ResponseFormat=Text"),IF($L540 = "Axxon",CONCATENATE($K540,"://",$I540,":",$J540,"@",$C540,":",$D540,"/live/media/",$N540,"/DeviceIpint.",$E540,"/SourceEndpoint.video:0:0?w=1024&h=768"),"#")),"#") -> https://monitoramento.pm.pr.gov.br/proxy_image_6/Interface/Cameras/GetJPEGStream?Camera=C.005&AuthUser=siscop&AuthPass=Siscop1234&Width=1024&Height=768&Quality=70&FPS=10&ResponseFormat=Text | P540: 1
A541: GUARATUBA | B541: GUARATUBA | C541: https://monitoramento.pm.pr.gov.br/proxy_image_6/ | D541: 8601 | E541: C.006 | F541: Av. 29 de Abril x Av. Curitiba | G541: -25.881729 | H541: -48.568722 | I541: siscop | J541: Siscop1234 | K541: https | L541: Digifort | M541: mjpg | N541: GUARATUBA | O541: =IF($P541=1,IF($L541 = "Digifort",CONCATENATE($C541,"Interface/Cameras/GetJPEGStream?Camera=",$E541,"&AuthUser=",$I541,"&AuthPass=",$J541,"&Width=1024&Height=768&Quality=70&FPS=10&ResponseFormat=Text"),IF($L541 = "Axxon",CONCATENATE($K541,"://",$I541,":",$J541,"@",$C541,":",$D541,"/live/media/",$N541,"/DeviceIpint.",$E541,"/SourceEndpoint.video:0:0?w=1024&h=768"),"#")),"#") -> https://monitoramento.pm.pr.gov.br/proxy_image_6/Interface/Cameras/GetJPEGStream?Camera=C.006&AuthUser=siscop&AuthPass=Siscop1234&Width=1024&Height=768&Quality=70&FPS=10&ResponseFormat=Text | P541: 1
A542: GUARATUBA | B542: GUARATUBA | C542: https://monitoramento.pm.pr.gov.br/proxy_image_6/ | D542: 8601 | E542: C.007 | F542: SPD - Av. Atlântica - Morro do Cristo | G542: -25.889862 | H542: -48.563019 | I542: siscop | J542: Siscop1234 | K542: https | L542: Digifort | M542: mjpg | N542: GUARATUBA | O542: =IF($P542=1,IF($L542 = "Digifort",CONCATENATE($C542,"Interface/Cameras/GetJPEGStream?Camera=",$E542,"&AuthUser=",$I542,"&AuthPass=",$J542,"&Width=1024&Height=768&Quality=70&FPS=10&ResponseFormat=Text"),IF($L542 = "Axxon",CONCATENATE($K542,"://",$I542,":",$J542,"@",$C542,":",$D542,"/live/media/",$N542,"/DeviceIpint.",$E542,"/SourceEndpoint.video:0:0?w=1024&h=768"),"#")),"#") -> https://monitoramento.pm.pr.gov.br/proxy_image_6/Interface/Cameras/GetJPEGStream?Camera=C.007&AuthUser=siscop&AuthPass=Siscop1234&Width=1024&Height=768&Quality=70&FPS=10&ResponseFormat=Text | P542: 1
A543: GUARATUBA | B543: GUARATUBA | C543: https://monitoramento.pm.pr.gov.br/proxy_image_6/ | D543: 8601 | E543: C.008 | F543: Av. Atlântica - Morro do Cristo | G543: -25.889889 | H543: -48.563068 | I543: siscop | J543: Siscop1234 | K543: https | L543: Digifort | M543: mjpg | N543: GUARATUBA | O543: =IF($P543=1,IF($L543 = "Digifort",CONCATENATE($C543,"Interface/Cameras/GetJPEGStream?Camera=",$E543,"&AuthUser=",$I543,"&AuthPass=",$J543,"&Width=1024&Height=768&Quality=70&FPS=10&ResponseFormat=Text"),IF($L543 = "Axxon",CONCATENATE($K543,"://",$I543,":",$J543,"@",$C543,":",$D543,"/live/media/",$N543,"/DeviceIpint.",$E543,"/SourceEndpoint.video:0:0?w=1024&h=768"),"#")),"#") -> https://monitoramento.pm.pr.gov.br/proxy_image_6/Interface/Cameras/GetJPEGStream?Camera=C.008&AuthUser=siscop&AuthPass=Siscop1234&Width=1024&Height=768&Quality=70&FPS=10&ResponseFormat=Text | P543: 1
A544: GUARATUBA | B544: GUARATUBA | C544: https://monitoramento.pm.pr.gov.br/proxy_image_6/ | D544: 8601 | E544: C.009 | F544: PR 412 - Rodovia Máximo Jamur | G544: -25.950075 | H544: -48.621109 | I544: siscop | J544: Siscop1234 | K544: https | L544: Digifort | M544: mjpg | N544: GUARATUBA | O544: =IF($P544=1,IF($L544 = "Digifort",CONCATENATE($C544,"Interface/Cameras/GetJPEGStream?Camera=",$E544,"&AuthUser=",$I544,"&AuthPass=",$J544,"&Width=1024&Height=768&Quality=70&FPS=10&ResponseFormat=Text"),IF($L544 = "Axxon",CONCATENATE($K544,"://",$I544,":",$J544,"@",$C544,":",$D544,"/live/media/",$N544,"/DeviceIpint.",$E544,"/SourceEndpoint.video:0:0?w=1024&h=768"),"#")),"#") -> https://monitoramento.pm.pr.gov.br/proxy_image_6/Interface/Cameras/GetJPEGStream?Camera=C.009&AuthUser=siscop&AuthPass=Siscop1234&Width=1024&Height=768&Quality=70&FPS=10&ResponseFormat=Text | P544: 1
A545: GUARATUBA | B545: GUARATUBA | C545: https://monitoramento.pm.pr.gov.br/proxy_image_6/ | D545: 8601 | E545: C.010 | F545: SPD - Centro Poliesportivo (Guarita) | G545: -25.880312 | H545: -48.592670 | I545: siscop | J545: Siscop1234 | K545: https | L545: Digifort | M545: mjpg | N545: GUARATUBA | O545: =IF($P545=1,IF($L545 = "Digifort",CONCATENATE($C545,"Interface/Cameras/GetJPEGStream?Camera=",$E545,"&AuthUser=",$I545,"&AuthPass=",$J545,"&Width=1024&Height=768&Quality=70&FPS=10&ResponseFormat=Text"),IF($L545 = "Axxon",CONCATENATE($K545,"://",$I545,":",$J545,"@",$C545,":",$D545,"/live/media/",$N545,"/DeviceIpint.",$E545,"/SourceEndpoint.video:0:0?w=1024&h=768"),"#")),"#") -> https://monitoramento.pm.pr.gov.br/proxy_image_6/Interface/Cameras/GetJPEGStream?Camera=C.010&AuthUser=siscop&AuthPass=Siscop1234&Width=1024&Height=768&Quality=70&FPS=10&ResponseFormat=Text | P545: 1
A546: GUARATUBA | B546: GUARATUBA | C546: https://monitoramento.pm.pr.gov.br/proxy_image_6/ | D546: 8601 | E546: C.011 | F546: Av. Brejatuba x R. Jacarezinho (Praia dos Paraguaios) | G546: -25.893213 | H546: -48.563290 | I546: siscop | J546: Siscop1234 | K546: https | L546: Digifort | M546: mjpg | N546: GUARATUBA | O546: =IF($P546=1,IF($L546 = "Digifort",CONCATENATE($C546,"Interface/Cameras/GetJPEGStream?Camera=",$E546,"&AuthUser=",$I546,"&AuthPass=",$J546,"&Width=1024&Height=768&Quality=70&FPS=10&ResponseFormat=Text"),IF($L546 = "Axxon",CONCATENATE($K546,"://",$I546,":",$J546,"@",$C546,":",$D546,"/live/media/",$N546,"/DeviceIpint.",$E546,"/SourceEndpoint.video:0:0?w=1024&h=768"),"#")),"#") -> https://monitoramento.pm.pr.gov.br/proxy_image_6/Interface/Cameras/GetJPEGStream?Camera=C.011&AuthUser=siscop&AuthPass=Siscop1234&Width=1024&Height=768&Quality=70&FPS=10&ResponseFormat=Text | P546: 1
A547: GUARATUBA | B547: GUARATUBA | C547: https://monitoramento.pm.pr.gov.br/proxy_image_6/ | D547: 8601 | E547: C.012 | F547: SPD - Av. Brejatuba x R. Jacarezinho (Praia dos Paraguaios) | G547: -25.893202 | H547: -48.563301 | I547: siscop | J547: Siscop1234 | K547: https | L547: Digifort | M547: mjpg | N547: GUARATUBA | O547: =IF($P547=1,IF($L547 = "Digifort",CONCATENATE($C547,"Interface/Cameras/GetJPEGStream?Camera=",$E547,"&AuthUser=",$I547,"&AuthPass=",$J547,"&Width=1024&Height=768&Quality=70&FPS=10&ResponseFormat=Text"),IF($L547 = "Axxon",CONCATENATE($K547,"://",$I547,":",$J547,"@",$C547,":",$D547,"/live/media/",$N547,"/DeviceIpint.",$E547,"/SourceEndpoint.video:0:0?w=1024&h=768"),"#")),"#") -> https://monitoramento.pm.pr.gov.br/proxy_image_6/Interface/Cameras/GetJPEGStream?Camera=C.012&AuthUser=siscop&AuthPass=Siscop1234&Width=1024&Height=768&Quality=70&FPS=10&ResponseFormat=Text | P547: 1
... A1046: GM-FRG | B1046: FAZENDA RIO GRANDE | C1046: https://monitoramento.pm.pr.gov.br/proxy_image_17/ | D1046: 8601 | E1046: JACARANDA BR | F1046: JACARANDA SENTIDO BR | G1046: -25.542800 | H1046: -49.273492 | I1046: siscop | J1046: Siscop1234 | K1046: https | L1046: Digifort | M1046: mjpg | N1046: FAZENDA RIO GRANDE | O1046: =IF($P1046=1,IF($L1046 = "Digifort",CONCATENATE($C1046,"Interface/Cameras/GetJPEGStream?Camera=",$E1046,"&AuthUser=",$I1046,"&AuthPass=",$J1046,"&Width=1024&Height=768&Quality=70&FPS=10&ResponseFormat=Text"),IF($L1046 = "Axxon",CONCATENATE($K1046,"://",$I1046,":",$J1046,"@",$C1046,":",$D1046,"/live/media/",$N1046,"/DeviceIpint.",$E1046,"/SourceEndpoint.video:0:0?w=1024&h=768"),"#")),"#") -> https://monitoramento.pm.pr.gov.br/proxy_image_17/Interface/Cameras/GetJPEGStream?Camera=JACARANDA BR&AuthUser=siscop&AuthPass=Siscop1234&Width=1024&Height=768&Quality=70&FPS=10&ResponseFormat=Text | P1046: 1
A1047: GM-FRG | B1047: FAZENDA RIO GRANDE | C1047: https://monitoramento.pm.pr.gov.br/proxy_image_17/ | D1047: 8601 | E1047: JACARANDA SPEED DOME | F1047: JACARANDA SPEED DOME | G1047: 0 | H1047: 0 | I1047: siscop | J1047: Siscop1234 | K1047: https | L1047: Digifort | M1047: mjpg | N1047: FAZENDA RIO GRANDE | O1047: =IF($P1047=1,IF($L1047 = "Digifort",CONCATENATE($C1047,"Interface/Cameras/GetJPEGStream?Camera=",$E1047,"&AuthUser=",$I1047,"&AuthPass=",$J1047,"&Width=1024&Height=768&Quality=70&FPS=10&ResponseFormat=Text"),IF($L1047 = "Axxon",CONCATENATE($K1047,"://",$I1047,":",$J1047,"@",$C1047,":",$D1047,"/live/media/",$N1047,"/DeviceIpint.",$E1047,"/SourceEndpoint.video:0:0?w=1024&h=768"),"#")),"#") -> # | P1047: 0
A1048: GM-FRG | B1048: FAZENDA RIO GRANDE | C1048: https://monitoramento.pm.pr.gov.br/proxy_image_17/ | D1048: 8601 | E1048: LPR CESAR CARELLI | F1048: LG LPR BOTICARIO CESAR CARELLI | G1048: 0 | H1048: 0 | I1048: siscop | J1048: Siscop1234 | K1048: https | L1048: Digifort | M1048: mjpg | N1048: FAZENDA RIO GRANDE | O1048: =IF($P1048=1,IF($L1048 = "Digifort",CONCATENATE($C1048,"Interface/Cameras/GetJPEGStream?Camera=",$E1048,"&AuthUser=",$I1048,"&AuthPass=",$J1048,"&Width=1024&Height=768&Quality=70&FPS=10&ResponseFormat=Text"),IF($L1048 = "Axxon",CONCATENATE($K1048,"://",$I1048,":",$J1048,"@",$C1048,":",$D1048,"/live/media/",$N1048,"/DeviceIpint.",$E1048,"/SourceEndpoint.video:0:0?w=1024&h=768"),"#")),"#") -> # | P1048: 0
A1049: GM-FRG | B1049: FAZENDA RIO GRANDE | C1049: https://monitoramento.pm.pr.gov.br/proxy_image_17/ | D1049: 8601 | E1049: LPR Careli | F1049: Cesar Careli Boticario | G1049: 0 | H1049: 0 | I1049: siscop | J1049: Siscop1234 | K1049: https | L1049: Digifort | M1049: mjpg | N1049: FAZENDA RIO GRANDE | O1049: =IF($P1049=1,IF($L1049 = "Digifort",CONCATENATE($C1049,"Interface/Cameras/GetJPEGStream?Camera=",$E1049,"&AuthUser=",$I1049,"&AuthPass=",$J1049,"&Width=1024&Height=768&Quality=70&FPS=10&ResponseFormat=Text"),IF($L1049 = "Axxon",CONCATENATE($K1049,"://",$I1049,":",$J1049,"@",$C1049,":",$D1049,"/live/media/",$N1049,"/DeviceIpint.",$E1049,"/SourceEndpoint.video:0:0?w=1024&h=768"),"#")),"#") -> # | P1049: 0
A1050: GM-FRG | B1050: FAZENDA RIO GRANDE | C1050: https://monitoramento.pm.pr.gov.br/proxy_image_17/ | D1050: 8601 | E1050: MATO GROSSO x NOSSA SRA APARECIDA | F1050: MATO GROSSO x NOSSA SRA APARECIDA | G1050: 0 | H1050: 0 | I1050: siscop | J1050: Siscop1234 | K1050: https | L1050: Digifort | M1050: mjpg | N1050: FAZENDA RIO GRANDE | O1050: =IF($P1050=1,IF($L1050 = "Digifort",CONCATENATE($C1050,"Interface/Cameras/GetJPEGStream?Camera=",$E1050,"&AuthUser=",$I1050,"&AuthPass=",$J1050,"&Width=1024&Height=768&Quality=70&FPS=10&ResponseFormat=Text"),IF($L1050 = "Axxon",CONCATENATE($K1050,"://",$I1050,":",$J1050,"@",$C1050,":",$D1050,"/live/media/",$N1050,"/DeviceIpint.",$E1050,"/SourceEndpoint.video:0:0?w=1024&h=768"),"#")),"#") -> # | P1050: 0
A1051: GM-FRG | B1051: FAZENDA RIO GRANDE | C1051: https://monitoramento.pm.pr.gov.br/proxy_image_17/ | D1051: 8601 | E1051: MATO GROSSO x NOSSA SRA APARECIDA LPR | F1051: MATO GROSSO x NOSSA SRA APARECIDA (LPR) | G1051: 0 | H1051: 0 | I1051: siscop | J1051: Siscop1234 | K1051: https | L1051: Digifort | M1051: mjpg | N1051: FAZENDA RIO GRANDE | O1051: =IF($P1051=1,IF($L1051 = "Digifort",CONCATENATE($C1051,"Interface/Cameras/GetJPEGStream?Camera=",$E1051,"&AuthUser=",$I1051,"&AuthPass=",$J1051,"&Width=1024&Height=768&Quality=70&FPS=10&ResponseFormat=Text"),IF($L1051 = "Axxon",CONCATENATE($K1051,"://",$I1051,":",$J1051,"@",$C1051,":",$D1051,"/live/media/",$N1051,"/DeviceIpint.",$E1051,"/SourceEndpoint.video:0:0?w=1024&h=768"),"#")),"#") -> # | P1051: 0
A1052: GM-FRG | B1052: FAZENDA RIO GRANDE | C1052: https://monitoramento.pm.pr.gov.br/proxy_image_17/ | D1052: 8601 | E1052: Nicola Pelanda x Av Brasil | F1052: Nicola Pelanda x Av Brasil | G1052: 0 | H1052: 0 | I1052: siscop | J1052: Siscop1234 | K1052: https | L1052: Digifort | M1052: mjpg | N1052: FAZENDA RIO GRANDE | O1052: =IF($P1052=1,IF($L1052 = "Digifort",CONCATENATE($C1052,"Interface/Cameras/GetJPEGStream?Camera=",$E1052,"&AuthUser=",$I1052,"&AuthPass=",$J1052,"&Width=1024&Height=768&Quality=70&FPS=10&ResponseFormat=Text"),IF($L1052 = "Axxon",CONCATENATE($K1052,"://",$I1052,":",$J1052,"@",$C1052,":",$D1052,"/live/media/",$N1052,"/DeviceIpint.",$E1052,"/SourceEndpoint.video:0:0?w=1024&h=768"),"#")),"#") -> # | P1052: 0
A1053: GM-FRG | B1053: FAZENDA RIO GRANDE | C1053: https://monitoramento.pm.pr.gov.br/proxy_image_17/ | D1053: 8601 | E1053: PRACA BRASIL | F1053: SPEED DOME PRACA BRASIL | G1053: 0 | H1053: 0 | I1053: siscop | J1053: Siscop1234 | K1053: https | L1053: Digifort | M1053: mjpg | N1053: FAZENDA RIO GRANDE | O1053: =IF($P1053=1,IF($L1053 = "Digifort",CONCATENATE($C1053,"Interface/Cameras/GetJPEGStream?Camera=",$E1053,"&AuthUser=",$I1053,"&AuthPass=",$J1053,"&Width=1024&Height=768&Quality=70&FPS=10&ResponseFormat=Text"),IF($L1053 = "Axxon",CONCATENATE($K1053,"://",$I1053,":",$J1053,"@",$C1053,":",$D1053,"/live/media/",$N1053,"/DeviceIpint.",$E1053,"/SourceEndpoint.video:0:0?w=1024&h=768"),"#")),"#") -> # | P1053: 0
A1054: GM-FRG | B1054: FAZENDA RIO GRANDE | C1054: https://monitoramento.pm.pr.gov.br/proxy_image_17/ | D1054: 8601 | E1054: TERMINAL FIXA | F1054: TERMINAL FIXA ROTATORIA | G1054: 0 | H1054: 0 | I1054: siscop | J1054: Siscop1234 | K1054: https | L1054: Digifort | M1054: mjpg | N1054: FAZENDA RIO GRANDE | O1054: =IF($P1054=1,IF($L1054 = "Digifort",CONCATENATE($C1054,"Interface/Cameras/GetJPEGStream?Camera=",$E1054,"&AuthUser=",$I1054,"&AuthPass=",$J1054,"&Width=1024&Height=768&Quality=70&FPS=10&ResponseFormat=Text"),IF($L1054 = "Axxon",CONCATENATE($K1054,"://",$I1054,":",$J1054,"@",$C1054,":",$D1054,"/live/media/",$N1054,"/DeviceIpint.",$E1054,"/SourceEndpoint.video:0:0?w=1024&h=768"),"#")),"#") -> # | P1054: 0
A1055: GM-FRG | B1055: FAZENDA RIO GRANDE | C1055: https://monitoramento.pm.pr.gov.br/proxy_image_17/ | D1055: 8601 | E1055: Teste Mobile LPR | F1055: Teste Mobile LPR | G1055: 0 | H1055: 0 | I1055: siscop | J1055: Siscop1234 | K1055: https | L1055: Digifort | M1055: mjpg | N1055: FAZENDA RIO GRANDE | O1055: =IF($P1055=1,IF($L1055 = "Digifort",CONCATENATE($C1055,"Interface/Cameras/GetJPEGStream?Camera=",$E1055,"&AuthUser=",$I1055,"&AuthPass=",$J1055,"&Width=1024&Height=768&Quality=70&FPS=10&ResponseFormat=Text"),IF($L1055 = "Axxon",CONCATENATE($K1055,"://",$I1055,":",$J1055,"@",$C1055,":",$D1055,"/live/media/",$N1055,"/DeviceIpint.",$E1055,"/SourceEndpoint.video:0:0?w=1024&h=768"),"#")),"#") -> # | P1055: 0
A1056: GM-FRG | B1056: FAZENDA RIO GRANDE | C1056: https://monitoramento.pm.pr.gov.br/proxy_image_17/ | D1056: 8601 | E1056: Traseira Jacaranda x Bairro Dianteira Jacaranda x Br | F1056: Traseira: Jacaranda x Bairro / Dianteira: Jacaranda x Br | G1056: 0 | H1056: 0 | I1056: siscop | J1056: Siscop1234 | K1056: https | L1056: Digifort | M1056: mjpg | N1056: FAZENDA RIO GRANDE | O1056: =IF($P1056=1,IF($L1056 = "Digifort",CONCATENATE($C1056,"Interface/Cameras/GetJPEGStream?Camera=",$E1056,"&AuthUser=",$I1056,"&AuthPass=",$J1056,"&Width=1024&Height=768&Quality=70&FPS=10&ResponseFormat=Text"),IF($L1056 = "Axxon",CONCATENATE($K1056,"://",$I1056,":",$J1056,"@",$C1056,":",$D1056,"/live/media/",$N1056,"/DeviceIpint.",$E1056,"/SourceEndpoint.video:0:0?w=1024&h=768"),"#")),"#") -> # | P1056: 0
A1057: GM-FRG | B1057: FAZENDA RIO GRANDE | C1057: https://monitoramento.pm.pr.gov.br/proxy_image_17/ | D1057: 8601 | E1057: Traseira Nsa Aparecida x Bairro Dianteira Nsa Aparecida x Br | F1057: Traseira: Nsa Aparecida x Bairro / Dianteira: Nsa Aparecida x Br | G1057: 0 | H1057: 0 | I1057: siscop | J1057: Siscop1234 | K1057: https | L1057: Digifort | M1057: mjpg | N1057: FAZENDA RIO GRANDE | O1057: =IF($P1057=1,IF($L1057 = "Digifort",CONCATENATE($C1057,"Interface/Cameras/GetJPEGStream?Camera=",$E1057,"&AuthUser=",$I1057,"&AuthPass=",$J1057,"&Width=1024&Height=768&Quality=70&FPS=10&ResponseFormat=Text"),IF($L1057 = "Axxon",CONCATENATE($K1057,"://",$I1057,":",$J1057,"@",$C1057,":",$D1057,"/live/media/",$N1057,"/DeviceIpint.",$E1057,"/SourceEndpoint.video:0:0?w=1024&h=768"),"#")),"#") -> # | P1057: 0
A1058: GM-FRG | B1058: FAZENDA RIO GRANDE | C1058: https://monitoramento.pm.pr.gov.br/proxy_image_17/ | D1058: 8601 | E1058: Trazeira Portugal x Dianteira Portugal Bairro | F1058: Trazeira Portugal x Dianteira Portugal Bairro | G1058: 0 | H1058: 0 | I1058: siscop | J1058: Siscop1234 | K1058: https | L1058: Digifort | M1058: mjpg | N1058: FAZENDA RIO GRANDE | O1058: =IF($P1058=1,IF($L1058 = "Digifort",CONCATENATE($C1058,"Interface/Cameras/GetJPEGStream?Camera=",$E1058,"&AuthUser=",$I1058,"&AuthPass=",$J1058,"&Width=1024&Height=768&Quality=70&FPS=10&ResponseFormat=Text"),IF($L1058 = "Axxon",CONCATENATE($K1058,"://",$I1058,":",$J1058,"@",$C1058,":",$D1058,"/live/media/",$N1058,"/DeviceIpint.",$E1058,"/SourceEndpoint.video:0:0?w=1024&h=768"),"#")),"#") -> # | P1058: 0

Sheet GMC CURITIBA
A1: Nome | B1: Descrição
A2: CAM 01 | B2: 01 - Praça Santos Andrade - Frente a UFPR - CTA1260
A3: CAM 02 | B3: 02 - Praça Santos Andrade - Fixa
A4: CAM 03 | B4: 03 - Rua XV, nº 621- ACP esquina com Rua Presidente Faria
A5: CAM 04 | B5: 04 - R. XV esquina com R. Barão do Rio Branco, n°525 - CTA1262
A6: CAM 05 | B6: 05 - Rua XV, n° 382 - Lojas Rener - CTA1264
A7: CAM 06 | B7: 06 - Rua XV esquina Rua Monsenhor Celso, n°98 - Banco Itaú - CTA1265
A8: CAM 07 | B8: 07 - Rua XV, n°245 - Loja Marisa - CTA 1266
A9: CAM 08 | B9: 08 - Rua XV com Av. Marechal Floriano Peixoto - Galeria Ritz - CTA1267
A10: CAM 09 | B10: 09 - Rua XV nº 141 - Frente a Loja C&A - CTA1268
A11: CAM 10 | B11: 10 - Rua XV, n° 41 - Loja Prata Fina - CTA1269
A12: CAM 101 | B12: 101 - Rua da Cidadania Boqueirão - Canchas
... A122: CAM 98 | B122: 98 - R. Izaac Ferreira da Cruz n° 3391, com R. São José dos Pinhais - Fixa
A125: CONTATO ICI CURITIBA: TEC. THIAGO: 41 99848-9366

Sheet SISCOP
B1: BARRACÃO
A2: NOME | B2: LINK | C2: ENDEREÇO | D2: LATITUDE | E2: LONGITUDE | F2: BATALHÃO
A3: camera 01 | B3: rtsp://siscop:siscop@10.47.142.100:554/Interface/Cameras/Media?Camera=BRC_VGT_001 | C3: Avenida Arnaldo Busato x BR-280 | D3: -26.257627 | E3: -53.618633 | F3: 21 BPM | G3: -26.2576271,-53.6186331 | I3: =substitute(RIGHT(B3, LEN(B3)-SEARCH("=",B3)),".",".") -> BRC_VGT_001
A4: camera 02 | B4: rtsp://siscop:siscop@10.47.142.100:554/Interface/Cameras/Media?Camera=BRC_CEN_002 | C4: Rua Geni Damiani X Rua Pedro Poleto | D4: -26.257037 | E4: -53.628141 | F4: 21 BPM | G4: -26.2570373,-53.6281410 | I4: =substitute(RIGHT(B4, LEN(B4)-SEARCH("=",B4)),".",".") -> BRC_CEN_002
A5: camera 03 | B5: rtsp://siscop:siscop@10.47.142.100:554/Interface/Cameras/Media?Camera=BRC_CEN_003 | C5: Avenida Brasília X Rua T. Neves | D5: -26.251002 | E5: -53.63561 | F5: 21 BPM | G5: -26.2510022,-53.6356097 | I5: =substitute(RIGHT(B5, LEN(B5)-SEARCH("=",B5)),".",".") -> BRC_CEN_003
A6: camera 04 | B6: rtsp://siscop:siscop@10.47.142.100:554/Interface/Cameras/Media?Camera=BRC_ALV_004 | C6: Rua Amazonas X Rua Minas Gerais | D6: -26.249102 | E6: -53.636099 | F6: 21 BPM | G6: -26.2491024,-53.6360990 | I6: =substitute(RIGHT(B6, LEN(B6)-SEARCH("=",B6)),".",".") -> BRC_ALV_004
A7: camera 05 | B7: rtsp://siscop:siscop@10.47.142.100:554/Interface/Cameras/Media?Camera=BRC_FNT_005 | C7: Rua Rep. Argentina X Av. Brasil | D7: -26.249684 | E7: -53.637182 | F7: 21 BPM | G7: -26.2496836,-53.6371820 | I7: =substitute(RIGHT(B7, LEN(B7)-SEARCH("=",B7)),".",".") -> BRC_FNT_005
A8: camera 06 | B8: rtsp://siscop:siscop@10.47.142.100:554/Interface/Cameras/Media?Camera=BRC_FNT_006 | C8: Rua Goias X Cristalino | D8: -26.252019 | E8: -53.638837 | F8: 21 BPM | G8: -26.2520192,-53.6388366 | I8: =substitute(RIGHT(B8, LEN(B8)-SEARCH("=",B8)),".",".") -> BRC_FNT_006
A9: camera 07 | B9: rtsp://siscop:siscop@10.47.142.100:554/Interface/Cameras/Media?Camera=BRC_FNT_007 | C9: Rua Rio Grande do Sul X Rua 7 de Setembro | D9: -26.254777 | E9: -53.636182 | F9: 21 BPM | G9: -26.2547771,-53.6361819 | I9: =substitute(RIGHT(B9, LEN(B9)-SEARCH("=",B9)),".",".") -> BRC_FNT_007
A10: camera 08 | B10: rtsp://siscop:siscop@10.47.142.100:554/Interface/Cameras/Media?Camera=BRC_CEN_008 | C10: Rua Rio Grande do Sul X Rua Bahia | D10: -26.253593 | E10: -53.63571 | F10: 21 BPM | G10: -26.2535929,-53.6357097 | I10: =substitute(RIGHT(B10, LEN(B10)-SEARCH("=",B10)),".",".") -> BRC_CEN_008
A11: camera 09 | B11: rtsp://siscop:siscop@10.47.142.100:554/Interface/Cameras/Media?Camera=BRC_FNT_009 | C11: Avenida Paraná – em frente ao Colégio Judite Guarente | D11: -26.257554 | E11: -53.630212 | F11: 21 BPM | G11: -26.2575538,-53.6302116 | I11: =substitute(RIGHT(B11, LEN(B11)-SEARCH("=",B11)),".",".") -> BRC_FNT_009
A12: camera 10 | B12: rtsp://siscop:siscop@10.47.142.100:554/Interface/Cameras/Media?Camera=BRC_CEN_010 | C12: Destacameto Policia Militar | D12: -26.25731 | E12: -53.628189 | F12: 21 BPM | G12: -26.2573100,-53.6281890 | I12: =substitute(RIGHT(B12, LEN(B12)-SEARCH("=",B12)),".",".") -> BRC_CEN_010
A13: camera 11 | B13: rtsp://10.47.142.98:554/H264?ch=1-8&subtype=0 | C13: Destacameto Policia Militar | D13: -26.257286 | E13: -53.628304 | F13: 21 BPM | G13: -26.2572860,-53.6283040 | I13: =substitute(RIGHT(B13, LEN(B13)-SEARCH("=",B13)),".",".") -> 1-8&subtype=0
A14: camera 12 | B14: rtsp://10.47.142.98:554/H264?ch=2-8&subtype=0 | C14: Destacameto Policia Militar | D14: -26.257286 | E14: -53.628304 | F14: 21 BPM | G14: -26.2572860,-53.6283040 | I14: =substitute(RIGHT(B14, LEN(B14)-SEARCH("=",B14)),".",".") -> 2-8&subtype=0
... A17: camera 15 | B17: rtsp://10.47.142.98:554/H264?ch=5-8&subtype=0 | C17: Destacameto Policia Militar | D17: -26.257268 | E17: -53.628626 | F17: 21 BPM | G17: -26.2572680,-53.6286260 | I17: =substitute(RIGHT(B17, LEN(B17)-SEARCH("=",B17)),".",".") -> 5-8&subtype=0
B18: SANTO ANTONIO DO SUDOESTE
A19: NOME | B19: LINK | C19: ENDEREÇO | D19: LATITUDE | E19: LONGITUDE | F19: BATALHÃO
A20: camera 01 | B20: rtsp://siscop:siscop@10.47.136.100:554/Interface/Cameras/Media?Camera=STA_ENT_001 | C20: Alfandega | D20: -26.056857 | E20: -53.730064 | F20: 21 BPM | G20: -26.056857, -53.730064
A21: camera 02 | B21: rtsp://siscop:siscop@10.47.136.100:554/Interface/Cameras/Media?Camera=STA_ENT_002 | C21: Avenida Ramalho Piva X BR 168 - Saída Pranchita | D21: -26.058044 | E21: -53.726420 | F21: 21 BPM | G21: -26.058044, -53.726420
A22: camera 03 | B22: rtsp://siscop:siscop@10.47.136.100:554/Interface/Cameras/Media?Camera=STA_EMB_003 | C22: Trevo BR 163 - Saída Ampere | D22: -26.059267 | E22: -53.719973 | F22: 21 BPM | G22: -26.059267, -53.719973
A23: camera 04 | B23: rtsp://siscop:siscop@10.47.136.100:554/Interface/Cameras/Media?Camera=STA_ARI_004 | C23: Rua Jesuíno Teodorico de Andrade – Trevo BR 163 | D23: -26.074927 | E23: -53.719062 | F23: 21 BPM | G23: -26.074927, -53.719062
A24: camera 05 | B24: rtsp://siscop:siscop@10.47.136.100:554/Interface/Cameras/Media?Camera=STA_CEN_005 | C24: Avenida Brasil n⁰ 500 - Obelisco | D24: -26.072946 | E24: -53.725773 | F24: 21 BPM | G24: -26.072946, -53.725773
A25: camera 06 | B25: rtsp://siscop:siscop@10.47.136.100:554/Interface/Cameras/Media?Camera=STA_CEN_006 | C25: Avenida Brasil em frente ao n⁰ 301 - Rodoviária | D25: -26.075140 | E25: -53.722765 | F25: 21 BPM | G25: -26.075140, -53.722765
A26: camera 07 | B26: rtsp://siscop:siscop@10.47.136.100:554/Interface/Cameras/Media?Camera=STA_AUR_007 | C26: Rua Tancredo Neves X Rua Arnaldo Sorensen - Vila Aurora | D26: -26.055795 | E26: -53.723456 | F26: 21 BPM | G26: -26.055795, -53.723456
A27: camera 08 | B27: rtsp://siscop:siscop@10.47.136.100:554/Interface/Cameras/Media?Camera=STA_NOV_008 | C27: Avenida Brasil n°1547 - Posto Foquezatto | D27: -26.065286 | E27: -53.725891 | F27: 21 BPM | G27: -26.065286, -53.725891
A28: camera 09 | B28: rtsp://siscop:siscop@10.47.136.100:554/Interface/Cameras/Media?Camera=STA_PRI_009 | C28: Rua Dom Pedro I X Avenida Brasil | D28: -26.071459 | E28: -53.725670 | F28: 21 BPM | G28: -26.071459, -53.725670
A29: camera 10 | B29: rtsp://siscop:siscop@10.47.136.100:554/Interface/Cameras/Media?Camera=STA_CEN_010 | C29: Destacameto Policia Militar | D29: -26.071440 | E29: -53.730423 | F29: 21 BPM | G29: -26.071440, -53.730423
B30: SANTA HELENA
A31: NOME | B31: LINK | C31: ENDEREÇO | D31: LATITUDE | E31: LONGITUDE | F31: BATALHÃO
A32: camera 01 | B32: rtsp://siscop:siscop@10.47.150.100:554/Interface/Cameras/Media?Camera=STH_ALA_001 | C32: Rua Ângelo Catani x Rua Vereador José Biesdorf | D32: -24.87235 | E32: -54.3342 | F32: 19 BPM | G32: -24.87235, -54.3342
A33: camera 02 | B33: rtsp://siscop:siscop@10.47.150.100:554/Interface/Cameras/Media?Camera=STH_BXA_002 | C33: Rua Vereador José Biesdorf X Rua Para | D33: -24.86906 | E33: -54.34392 | F33: 19 BPM | G33: -24.86906, -54.34392
A34: camera 03 | B34: rtsp://siscop:siscop@10.47.150.100:554/Interface/Cameras/Media?Camera=STH_FRN_003 | C34: Rua do Porto x Rua Argentina | D34: -24.8765 | E34: -54.34565 | F34: 19 BPM | G34: -24.8765, -54.34565
A35: camera 04 | B35: rtsp://siscop:siscop@10.47.150.100:554/Interface/Cameras/Media?Camera=STH_CEN_004 | C35: Avenida Curitiba X Avenida Brasil | D35: -24.85896 | E35: -54.33463 | F35: 19 BPM | G35: -24.85896, -54.33463
A36: camera 05 | B36: rtsp://siscop:siscop@10.47.150.100:554/Interface/Cameras/Media?Camera=STH_CEN_005 | C36: Avenida Deputado Arnaldo Busato x Avenida Paraná | D36: -24.85901 | E36: -54.33225 | F36: 19 BPM | G36: -24.85901, -54.33225
A37: camera 06 | B37: rtsp://siscop:siscop@10.47.150.100:554/Interface/Cameras/Media?Camera=STH_CEN_006 | C37: Avenida Curitiba X Rua Angelo Catani | D37: -24.86056 | E37: -54.32975 | F37: 19 BPM | G37: -24.86056, -54.32975
A38: camera 07 | B38: rtsp://siscop:siscop@10.47.150.100:554/Interface/Cameras/Media?Camera=STH_BXA_007 | C38: Rua Angelo Catani x Rua Paraguai | D38: -24.84694 | E38: -54.32857 | F38: 19 BPM | G38: -24.84694, -54.32857
A39: camera 08 | B39: rtsp://siscop:siscop@10.47.150.100:554/Interface/Cameras/Media?Camera=STH_BXA_008 | C39: Avenida Brasil X Rua Angelo Catani | D39: -24.84644 | E39: -54.32944 | F39: 19 BPM | G39: -24.84644, -54.32944
A40: camera 09 | B40: rtsp://siscop:siscop@10.47.150.100:554/Interface/Cameras/Media?Camera=STH_BXA_009 | C40: Avenida Brasil X Praça Santos Dumont | D40: -24.85428 | E40: -54.33259 | F40: 19 BPM | G40: -24.85428, -54.33259
A41: camera 10 | B41: rtsp://siscop:siscop@10.47.150.100:554/Interface/Cameras/Media?Camera=STH_VRC_010 | C41: Prolongamento da Rua Argentina Sentido Porto, s/n - Zona Rural | D41: -24.87806 | E41: -54.34212 | F41: 19 BPM | G41: -24.87806, -54.34212
B42: SÃO MIGUEL DO IGUAÇU
A43: NOME | B43: LINK | C43: ENDEREÇO | D43: LATITUDE | E43: LONGITUDE | F43: BATALHÃO
A44: camera 01 | B44: rtsp://siscop:siscop@10.47.194.100:554/Interface/Cameras/Media?Camera=SMI_CEN_001 | C44: Avenida Iguaçú X Rua Caçador | D44: -25.34448 | E44: -54.2308 | F44: 14 BPM | G44: -25.34448, -54.2308
A45: camera 02 | B45: rtsp://siscop:siscop@10.47.194.100:554/Interface/Cameras/Media?Camera=SMI_PAR_002 | C45: Rua Marechal Candido Rondon x Rua Caçador | D45: -25.33939 | E45: -54.23784 | F45: 14 BPM | G45: -25.33939, -54.23784
A46: camera 03 | B46: rtsp://siscop:siscop@10.47.194.100:554/Interface/Cameras/Media?Camera=SMI_CEN_003 | C46: Rua Marechal Candido Rondon x Rua Alfredo Chaves | D46: -25.34303 | E46: -54.24498 | F46: 14 BPM | G46: -25.34303, -54.24498
A47: camera 04 | B47: rtsp://siscop:siscop@10.47.194.100:554/Interface/Cameras/Media?Camera=SMI_CEN_004 | C47: Rua Céu Azul X Rua Vânio Ghellere | D47: -25.34418 | E47: -54.23926 | F47: 14 BPM | G47: -25.34418, -54.23926
A48: camera 05 | B48: rtsp://siscop:siscop@10.47.194.100:554/Interface/Cameras/Media?Camera=SMI_CEN_005 | C48: Rua Farroupilha X Rua Castro Alves | D48: -25.3474 | E48: -54.2407 | F48: 14 BPM | G48: -25.3474, -54.2407
A49: camera 06 | B49: rtsp://siscop:siscop@10.47.194.100:554/Interface/Cameras/Media?Camera=SMI_CEN_006 | C49: Avenida Wili Barth X Rua Getúlio Vargas | D49: -25.34279 | E49: -54.23843 | F49: 14 BPM | G49: -25.34279, -54.23843
A50: camera 07 | B50: rtsp://siscop:siscop@10.47.194.100:554/Interface/Cameras/Media?Camera=SMI_MUN_007 | C50: Rua Marechal Candido Rondon X Rua João Valnier | D50: -25.34777 | E50: -54.25373 | F50: 14 BPM | G50: -25.34777, -54.25373
A51: camera 08 | B51: rtsp://siscop:siscop@10.47.194.100:554/Interface/Cameras/Media?Camera=SMI_CEN_008 | C51: Rua Fernando Ferrari X Rua Nadir Maggi | D51: -25.35752 | E51: -54.23613 | F51: 14 BPM | G51: -25.35752, -54.23613
A52: camera 09 | B52: rtsp://siscop:siscop@10.47.194.100:554/Interface/Cameras/Media?Camera=SMI_FLO_009 | C52: Rua Valentin Celeste Palavro X Avenida Iguaçú | D52: -25.35961 | E52: -54.24819 | F52: 14 BPM | G52: -25.35961, -54.24819
A53: camera 10 | B53: rtsp://siscop:siscop@10.47.194.100:554/Interface/Cameras/Media?Camera=SMI_CEN_010 | C53: Rua Vânio Ghellere X Rua Alfredo Chaves | D53: -25.34522 | E53: -54.23877 | F53: 14 BPM | G53: -25.34522, -54.23877
A54: camera 11 | B54: rtsp://siscop:siscop@10.47.194.100:554/Interface/Cameras/Media?Camera=SMI_CEN_011 | C54: Rua Euclides da Cunha, 395 | D54: -25.3445 | E54: -54.24275 | F54: 14 BPM | G54: -25.3445, -54.24275
B55: GUAÍRA
A56: NOME | B56: LINK | C56: ENDEREÇO | D56: LATITUDE | E56: LONGITUDE | F56: BATALHÃO
A57: camera 01 | B57: rtsp://siscop:siscop@10.47.159.100:554/Interface/Cameras/Media?Camera=GRA_CEN_001 | C57: Rotatória PR 163 X PR 272 | D57: -24.10635 | E57: -54.23912 | F57: 19 BPM | G57: -24.10635, -54.23912
A58: camera 02 | B58: rtsp://siscop:siscop@10.47.159.100:554/Interface/Cameras/Media?Camera=GRA_CEN_002 | C58: Rua Ministro Gabriel Passos X PR 272 | D58: -24.1055 | E58: -54.26347 | F58: 19 BPM | G58: -24.1055, -54.26347
A59: camera 03 | B59: rtsp://siscop:siscop@10.47.159.100:554/Interface/Cameras/Media?Camera=GRA_CEN_003 | C59: Rua Ministro Gabriel Passos X Rua Carlos Gomes | D59: -24.08784 | E59: -54.26641 | F59: 19 BPM | G59: -24.08784, -54.26641
A60: camera 04 | B60: rtsp://siscop:siscop@10.47.159.100:554/Interface/Cameras/Media?Camera=GRA_CEN_004 | C60: Avenida Coronel Otávio Tosta X Rua Bandeirantes | D60: -24.08342 | E60: -54.25704 | F60: 19 BPM | G60: -24.08342, -54.25704
A61: camera 05 | B61: rtsp://siscop:siscop@10.47.159.100:554/Interface/Cameras/Media?Camera=GRA_CEN_005 | C61: Rua Doutor Oliveira Castro X Rua Sete de Setembro | D61: -24.08064 | E61: -54.25401 | F61: 19 BPM | G61: -24.08064, -54.25401
A62: camera 06 | B62: rtsp://siscop:siscop@10.47.159.100:554/Interface/Cameras/Media?Camera=GRA_CEN_006 | C62: PR 163 X Avenida Martin Luther King | D62: -24.0835 | E62: -54.24445 | F62: 19 BPM | G62: -24.0835, -54.24445
A63: camera 07 | B63: rtsp://siscop:siscop@10.47.159.100:554/Interface/Cameras/Media?Camera=GRA_CEN_007 | C63: Avenida Parané X PR 163 | D63: -24.07749 | E63: -54.24269 | F63: 19 BPM | G63: -24.07749, -54.24269
A64: camera 08 | B64: rtsp://siscop:siscop@10.47.159.100:554/Interface/Cameras/Media?Camera=GRA_CEN_008 | C64: PR 163 X Rua Julieta de Franca Camargo Ivankiw | D64: -24.09304 | E64: -54.23866 | F64: 19 BPM | G64: -24.09304, -54.23866
A65: camera 09 | B65: rtsp://siscop:siscop@10.47.159.100:554/Interface/Cameras/Media?Camera=GRA_CEN_009 | C65: Rua Ministro Gabriel Passos X Rua da Floresta | D65: -24.09682 | E65: -54.263 | F65: 19 BPM | G65: -24.09682, -54.263
A66: camera 10 | B66: rtsp://siscop:siscop@10.47.159.100:554/Interface/Cameras/Media?Camera=GRA_CEN_010 | C66: Rua das Rosas X Estrada Roland | D66: -24.08571 | E66: -54.2364 | F66: 19 BPM | G66: -24.08571, -54.2364
A67: camera 11 | B67: rtsp://siscop:siscop@10.47.159.100:554/Interface/Cameras/Media?Camera=GRA_CEN_011 | C67: Rua Aquiles Vendrúsculo, 154 | D67: -24.09022 | E67: -54.24223 | F67: 19 BPM | G67: -24.09022, -54.24223
B68: MARECHAL CÂNDIDO RONDON
A69: NOME | B69: LINK | C69: ENDEREÇO | D69: LATITUDE | E69: LONGITUDE | F69: BATALHÃO
A70: camera 01 | B70: rtsp://siscop:siscop@10.47.110.8:554/Interface/Cameras/Media?Camera=MCR_CEN_001 | C70: Avenida Maripá X Rua Nove de Agosto | D70: -24.54305 | E70: -54.0526 | F70: 14 BPM | G70: -24.54305, -54.0526
A71: camera 02 | B71: rtsp://siscop:siscop@10.47.110.8:554/Interface/Cameras/Media?Camera=MCR_CEN_002 | C71: Avenida Maripá X Rua Bélem | D71: -24.53491 | E71: -54.05095 | F71: 14 BPM | G71: -24.53491, -54.05095
A72: camera 03 | B72: rtsp://siscop:siscop@10.47.110.8:554/Interface/Cameras/Media?Camera=MCR_CEN_003 | C72: Rotatório Avenida Maripá X Saída PR 163 | D72: -24.53118 | E72: -54.05229 | F72: 14 BPM | G72: -24.53118, -54.05229
A73: camera 04 | B73: rtsp://siscop:siscop@10.47.110.8:554/Interface/Cameras/Media?Camera=MCR_CEN_004 | C73: Avenida Írio Jacob Welp X PR 163 | D73: -24.54622 | E73: -54.04418 | F73: 14 BPM | G73: -24.54622, -54.04418
A74: camera 05 | B74: rtsp://siscop:siscop@10.47.110.8:554/Interface/Cameras/Media?Camera=MCR_CEN_005 | C74: PR 163 entre Ruas Um E Rua Três Paços | D74: -24.56853 | E74: -54.02804 | F74: 14 BPM | G74: -24.56853, -54.02804
A75: camera 06 | B75: rtsp://siscop:siscop@10.47.110.8:554/Interface/Cameras/Media?Camera=MCR_CEN_006 | C75: Avenida Írio Jacob Welp X Rua Quatro | D75: -24.57441 | E75: -54.05385 | F75: 14 BPM | G75: -24.57441, -54.05385
A76: camera 07 | B76: rtsp://siscop:siscop@10.47.110.8:554/Interface/Cameras/Media?Camera=MCR_CEN_007 | C76: Rua Dom João VI X Rua Santa Catarina | D76: -24.56206 | E76: -54.06219 | F76: 14 BPM | G76: -24.56206, -54.06219
A77: camera 08 | B77: rtsp://siscop:siscop@10.47.110.8:554/Interface/Cameras/Media?Camera=MCR_CEN_008 | C77: Avenida Rio Grande do Sul X Avenida Maripá | D77: -24.56414 | E77: -54.05921 | F77: 14 BPM | G77: -24.56414, -54.05921
A78: camera 09 | B78: rtsp://siscop:siscop@10.47.110.8:554/Interface/Cameras/Media?Camera=MCR_CEN_009 | C78: Av. Rio Grande do Sul, 6225 | D78: -24.5602 | E78: -54.07295 | F78: 14 BPM | G78: -24.5602, -54.07295
A79: camera 10 | B79: rtsp://siscop:siscop@10.47.110.8:554/Interface/Cameras/Media?Camera=MCR_CEN_010 | C79: Av. Rio Grande do Sul, 5045 | D79: -24.55752 | E79: -54.08225 | F79: 14 BPM | G79: -24.55752, -54.08225
A80: camera 11 | B80: rtsp://siscop:siscop@10.47.110.8:554/Interface/Cameras/Media?Camera=MCR_CEN_011 | C80: Rua Pernambuco X Rua Dom João VI | D80: -24.55512 | E80: -54.05976 | F80: 14 BPM | G80: -24.55512, -54.05976
B82: TERRA ROXA
A83: camera 01 | B83: rtsp://pmpr:pm3298pr@10.147.47.50:554/cam/realmonitor?channel=1&subtype=0 | C83: Av. Costa e Silva, 95, | D83: -24.164942 | E83: -54.097742 | G83: -24.164942, -54.097742
A84: camera 02 | B84: rtsp://pmpr:pm3298pr@10.147.47.50:554/cam/realmonitor?channel=2&subtype=0 | C84: Av. Pres. Castelo Branco, 791 | D84: -24.164400 | E84: -54.096759 | G84: -24.164400, -54.096759
A85: camera 03 | B85: rtsp://pmpr:pm3298pr@10.147.47.50:554/cam/realmonitor?channel=3&subtype=0 | C85: Av. Pres. Castelo Branco PR-364 | D85: -24.178072 | E85: -54.090019 | G85: -24.178072, -54.090019
A86: camera 04 | B86: rtsp://pmpr:pm3298pr@10.147.47.50:554/cam/realmonitor?channel=4&subtype=0 | C86: Av. Pres. Castelo Branco PR-496 | D86: -24.155297 | E86: -54.101242 | G86: -24.155297, -54.101242
A87: camera 05 | B87: rtsp://pmpr:pm3298pr@10.147.47.50:554/cam/realmonitor?channel=5&subtype=0 | C87: R. Francisco Badaró X Av da Saudade | D87: -24.169992 | E87: -54.106103 | G87: -24.169992, -54.106103
A88: camera 06 | B88: rtsp://pmpr:pm3298pr@10.147.47.50:554/cam/realmonitor?channel=6&subtype=0 | C88: Av. Getúlio Vargas X Av. Costa e Silva | D88: -24.167625 | E88: -54.099786 | G88: -24.167625, -54.099786

Sheet Proxy
A1: Proxy | B1: IP | C1: Porta | D1: Servidor | E1: Cidade
A2: proxy_image_1 | B2: 10.247.206.2 | C2: 18601 | D2: DIGIFORT | E2: CURITIBA
A3: proxy_image_2 | B3: 10.247.206.2 | C3: 28601 | D3: DIGIFORT | E3: CURITIBA
A4: proxy_image_3 | B4: 10.247.206.2 | C4: 38601 | D4: DIGIFORT | E4: CURITIBA
A5: proxy_image_4 | B5: 10.247.206.2 | C5: 48601 | D5: DIGIFORT | E5: CURITIBA
A6: proxy_image_5 | B6: 10.247.206.2 | C6: 58601 | D6: DIGIFORT
A7: proxy_image_6 | B7: 10.247.220.201 | C7: 8601 | D7: DIGIFORT
A8: proxy_image_7 | B8: 10.247.217.201 | C8: 8601 | D8: DIGIFORT
A9: proxy_image_8 | B9: 10.247.231.201 | C9: 8601 | D9: DIGIFORT
A10: proxy_image_9 | B10: 10.247.236.201 | C10: 8601 | D10: DIGIFORT
A11: proxy_image_10 | B11: 10.247.234.201 | C11: 8601 | D11: DIGIFORT
A12: proxy_image_11 | B12: 10.247.234.201 | C12: 8601 | D12: DIGIFORT
A13: proxy_image_12 | B13: 10.247.241.201 | C13: 8601 | D13: DIGIFORT
A14: proxy_image_13 | B14: 10.247.219.201 | C14: 8601 | D14: DIGIFORT
A15: proxy_image_14 | B15: 10.248.007.201 | C15: 8601 | D15: DIGIFORT
A16: proxy_image_15 | B16: 10.247.235.201 | C16: 8601 | D16: DIGIFORT
A17: proxy_image_16 | B17: 10.247.206.201 | C17: 8601 | D17: DIGIFORT | E17: CURITIBA
A18: proxy_image_17 | B18: 10 247 213 201 | C18: 8601 | D18: DIGIFORT | E18: FAZENDA RIO GRANDE
A19: proxy_image_18 | B19: 10 247 216 201 | C19: 8601 | D19: DIGIFORT | E19: COLOMBO
A20: proxy_image_19 | B20: 10 248 002 201 | C20: 8601 | D20: DIGIFORT | E20: GUAÍRA
A21: proxy_image_20 | B21: 10 247 218 201 | C21: 8601 | D21: DIGIFORT | E21: PARANAGUÁ
A22: proxy_image_21 | B22: 10247232201 | C22: 8601 | D22: DIGIFORT | E22: TELEMACO BORBA
A23: proxy_image_22 | B23: 10248000201 | C23: 8601 | D23: DIGIFORT | E23: UBIRATÃ
A24: proxy_image_23
A25: proxy_image_24
A26: proxy_image_25
A27: proxy_image_26
A28: proxy_image_27
A29: proxy_image_28
A30: proxy_image_29

Sheet Importação monitoramento
A1: servidor | B1: cidade | C1: ip | D1: porta | E1: camera | F1: local_nome | G1: lat | H1: lng | I1: usuario | J1: senha | K1: protocolo | L1: vms | M1: formato | N1: hostname | O1: link | P1: ativo
A2: =Cadastro!$A2 -> URBS 1 | B2: =Cadastro!$B2 -> CURITIBA | C2: =Cadastro!$C2 -> https://monitoramento.pm.pr.gov.br/proxy_image_1/ | D2: =Cadastro!$D2 -> 18601 | E2: =Cadastro!$E2 -> Camera01 | F2: =Cadastro!$F2 -> Brasilio Itibere x Com. Franco | G2: =Cadastro!$G2 -> -25.440635 | H2: =Cadastro!$H2 -> -49.25217 | I2: =Cadastro!$I2 -> copom_DDTQ | J2: =Cadastro!$J2 -> DDTQcopom | K2: http | L2: Digifort | M2: mjpg | N2: =$A2 -> URBS 1 | O2: =Cadastro!$O2 -> https://monitoramento.pm.pr.gov.br/proxy_image_1/Interface/Cameras/GetJPEGStream?Camera=Camera01&AuthUser=copom_DDTQ&AuthPass=DDTQcopom&Width=1024&Height=768&Quality=70&FPS=10&ResponseFormat=Text | P2: =Cadastro!$P2 -> 1
A3: =Cadastro!$A3 -> URBS 1 | B3: =Cadastro!$B3 -> CURITIBA | C3: =Cadastro!$C3 -> https://monitoramento.pm.pr.gov.br/proxy_image_1/ | D3: =Cadastro!$D3 -> 18601 | E3: =Cadastro!$E3 -> Camera02 | F3: =Cadastro!$F3 -> Ubaldino Amaral x Visc. Guarapuava | G3: =Cadastro!$G3 -> -25.432082 | H3: =Cadastro!$H3 -> -49.256586 | I3: =Cadastro!$I3 -> copom_DDTQ | J3: =Cadastro!$J3 -> DDTQcopom | K3: http | L3: Digifort | M3: mjpg | N3: =$A3 -> URBS 1 | O3: =Cadastro!$O3 -> https://monitoramento.pm.pr.gov.br/proxy_image_1/Interface/Cameras/GetJPEGStream?Camera=Camera02&AuthUser=copom_DDTQ&AuthPass=DDTQcopom&Width=1024&Height=768&Quality=70&FPS=10&ResponseFormat=Text | P3: =Cadastro!$P3 -> 1
A4: =Cadastro!$A4 -> URBS 1 | B4: =Cadastro!$B4 -> CURITIBA | C4: =Cadastro!$C4 -> https://monitoramento.pm.pr.gov.br/proxy_image_1/ | D4: =Cadastro!$D4 -> 18601 | E4: =Cadastro!$E4 -> Camera03 | F4: =Cadastro!$F4 -> XV de Novembro x Jose de Alencar | G4: =Cadastro!$G4 -> -25.426727 | H4: =Cadastro!$H4 -> -49.253624 | I4: =Cadastro!$I4 -> copom_DDTQ | J4: =Cadastro!$J4 -> DDTQcopom | K4: http | L4: Digifort | M4: mjpg | N4: =$A4 -> URBS 1 | O4: =Cadastro!$O4 -> https://monitoramento.pm.pr.gov.br/proxy_image_1/Interface/Cameras/GetJPEGStream?Camera=Camera03&AuthUser=copom_DDTQ&AuthPass=DDTQcopom&Width=1024&Height=768&Quality=70&FPS=10&ResponseFormat=Text | P4: =Cadastro!$P4 -> 1
A5: =Cadastro!$A5 -> URBS 1 | B5: =Cadastro!$B5 -> CURITIBA | C5: =Cadastro!$C5 -> https://monitoramento.pm.pr.gov.br/proxy_image_1/ | D5: =Cadastro!$D5 -> 18601 | E5: =Cadastro!$E5 -> Camera04 | F5: =Cadastro!$F5 -> Sete de Abril x Amintas de Barros | G5: =Cadastro!$G5 -> -25.423742 | H5: =Cadastro!$H5 -> -49.255794 | I5: =Cadastro!$I5 -> copom_DDTQ | J5: =Cadastro!$J5 -> DDTQcopom | K5: http | L5: Digifort | M5: mjpg | N5: =$A5 -> URBS 1 | O5: =Cadastro!$O5 -> https://monitoramento.pm.pr.gov.br/proxy_image_1/Interface/Cameras/GetJPEGStream?Camera=Camera04&AuthUser=copom_DDTQ&AuthPass=DDTQcopom&Width=1024&Height=768&Quality=70&FPS=10&ResponseFormat=Text | P5: =Cadastro!$P5 -> 1
A6: =Cadastro!$A6 -> URBS 1 | B6: =Cadastro!$B6 -> CURITIBA | C6: =Cadastro!$C6 -> https://monitoramento.pm.pr.gov.br/proxy_image_1/ | D6: =Cadastro!$D6 -> 18601 | E6: =Cadastro!$E6 -> Camera05 | F6: =Cadastro!$F6 -> Ubaldino Amaral x Itupava | G6: =Cadastro!$G6 -> -25.424725 | H6: =Cadastro!$H6 -> -49.259819 | I6: =Cadastro!$I6 -> copom_DDTQ | J6: =Cadastro!$J6 -> DDTQcopom | K6: http | L6: Digifort | M6: mjpg | N6: =$A6 -> URBS 1 | O6: =Cadastro!$O6 -> https://monitoramento.pm.pr.gov.br/proxy_image_1/Interface/Cameras/GetJPEGStream?Camera=Camera05&AuthUser=copom_DDTQ&AuthPass=DDTQcopom&Width=1024&Height=768&Quality=70&FPS=10&ResponseFormat=Text | P6: =Cadastro!$P6 -> 1
A7: =Cadastro!$A7 -> URBS 1 | B7: =Cadastro!$B7 -> CURITIBA | C7: =Cadastro!$C7 -> https://monitoramento.pm.pr.gov.br/proxy_image_1/ | D7: =Cadastro!$D7 -> 18601 | E7: =Cadastro!$E7 -> Camera06 | F7: =Cadastro!$F7 -> Maua x Amancio Moro | G7: =Cadastro!$G7 -> -25.419905 | H7: =Cadastro!$H7 -> -49.259927 | I7: =Cadastro!$I7 -> copom_DDTQ | J7: =Cadastro!$J7 -> DDTQcopom | K7: http | L7: Digifort | M7: mjpg | N7: =$A7 -> URBS 1 | O7: =Cadastro!$O7 -> https://monitoramento.pm.pr.gov.br/proxy_image_1/Interface/Cameras/GetJPEGStream?Camera=Camera06&AuthUser=copom_DDTQ&AuthPass=DDTQcopom&Width=1024&Height=768&Quality=70&FPS=10&ResponseFormat=Text | P7: =Cadastro!$P7 -> 1
A8: =Cadastro!$A8 -> URBS 1 | B8: =Cadastro!$B8 -> CURITIBA | C8: =Cadastro!$C8 -> https://monitoramento.pm.pr.gov.br/proxy_image_1/ | D8: =Cadastro!$D8 -> 18601 | E8: =Cadastro!$E8 -> Camera07 | F8: =Cadastro!$F8 -> Campos Sales Augusto Severino | G8: =Cadastro!$G8 -> -25.416214 | H8: =Cadastro!$H8 -> -49.262683 | I8: =Cadastro!$I8 -> copom_DDTQ | J8: =Cadastro!$J8 -> DDTQcopom | K8: http | L8: Digifort | M8: mjpg | N8: =$A8 -> URBS 1 | O8: =Cadastro!$O8 -> https://monitoramento.pm.pr.gov.br/proxy_image_1/Interface/Cameras/GetJPEGStream?Camera=Camera07&AuthUser=copom_DDTQ&AuthPass=DDTQcopom&Width=1024&Height=768&Quality=70&FPS=10&ResponseFormat=Text | P8: =Cadastro!$P8 -> 1
A9: =Cadastro!$A9 -> URBS 1 | B9: =Cadastro!$B9 -> CURITIBA | C9: =Cadastro!$C9 -> https://monitoramento.pm.pr.gov.br/proxy_image_1/ | D9: =Cadastro!$D9 -> 18601 | E9: =Cadastro!$E9 -> Camera08 | F9: =Cadastro!$F9 -> Des. Motta x Martim Afonso | G9: =Cadastro!$G9 -> -25.428931 | H9: =Cadastro!$H9 -> -49.286066 | I9: =Cadastro!$I9 -> copom_DDTQ | J9: =Cadastro!$J9 -> DDTQcopom | K9: http | L9: Digifort | M9: mjpg | N9: =$A9 -> URBS 1 | O9: =Cadastro!$O9 -> https://monitoramento.pm.pr.gov.br/proxy_image_1/Interface/Cameras/GetJPEGStream?Camera=Camera08&AuthUser=copom_DDTQ&AuthPass=DDTQcopom&Width=1024&Height=768&Quality=70&FPS=10&ResponseFormat=Text | P9: =Cadastro!$P9 -> 1
A10: =Cadastro!$A10 -> URBS 1 | B10: =Cadastro!$B10 -> CURITIBA | C10: =Cadastro!$C10 -> https://monitoramento.pm.pr.gov.br/proxy_image_1/ | D10: =Cadastro!$D10 -> 18601 | E10: =Cadastro!$E10 -> Camera09 | F10: =Cadastro!$F10 -> Lysimaco F. Costa x Candido de Abreu | G10: =Cadastro!$G10 -> -25.417569 | H10: =Cadastro!$H10 -> -49.268569 | I10: =Cadastro!$I10 -> copom_DDTQ | J10: =Cadastro!$J10 -> DDTQcopom | K10: http | L10: Digifort | M10: mjpg | N10: =$A10 -> URBS 1 | O10: =Cadastro!$O10 -> https://monitoramento.pm.pr.gov.br/proxy_image_1/Interface/Cameras/GetJPEGStream?Camera=Camera09&AuthUser=copom_DDTQ&AuthPass=DDTQcopom&Width=1024&Height=768&Quality=70&FPS=10&ResponseFormat=Text | P10: =Cadastro!$P10 -> 1
A11: =Cadastro!$A11 -> URBS 1 | B11: =Cadastro!$B11 -> CURITIBA | C11: =Cadastro!$C11 -> https://monitoramento.pm.pr.gov.br/proxy_image_1/ | D11: =Cadastro!$D11 -> 18601 | E11: =Cadastro!$E11 -> Camera10 | F11: =Cadastro!$F11 -> Roberto Barroso x Mateus Leme | G11: =Cadastro!$G11 -> -25.418142 | H11: =Cadastro!$H11 -> -49.271116 | I11: =Cadastro!$I11 -> copom_DDTQ | J11: =Cadastro!$J11 -> DDTQcopom | K11: http | L11: Digifort | M11: mjpg | N11: =$A11 -> URBS 1 | O11: =Cadastro!$O11 -> https://monitoramento.pm.pr.gov.br/proxy_image_1/Interface/Cameras/GetJPEGStream?Camera=Camera10&AuthUser=copom_DDTQ&AuthPass=DDTQcopom&Width=1024&Height=768&Quality=70&FPS=10&ResponseFormat=Text | P11: =Cadastro!$P11 -> 1
A12: =Cadastro!$A12 -> URBS 1 | B12: =Cadastro!$B12 -> CURITIBA | C12: =Cadastro!$C12 -> https://monitoramento.pm.pr.gov.br/proxy_image_1/ | D12: =Cadastro!$D12 -> 18601 | E12: =Cadastro!$E12 -> Camera11 | F12: =Cadastro!$F12 -> Des Motta x Manoel Ribas | G12: =Cadastro!$G12 -> -25.422483 | H12: =Cadastro!$H12 -> -49.289099 | I12: =Cadastro!$I12 -> copom_DDTQ | J12: =Cadastro!$J12 -> DDTQcopom | K12: http | L12: Digifort | M12: mjpg | N12: =$A12 -> URBS 1 | O12: =Cadastro!$O12 -> https://monitoramento.pm.pr.gov.br/proxy_image_1/Interface/Cameras/GetJPEGStream?Camera=Camera11&AuthUser=copom_DDTQ&AuthPass=DDTQcopom&Width=1024&Height=768&Quality=70&FPS=10&ResponseFormat=Text | P12: =Cadastro!$P12 -> 1
A13: =Cadastro!$A13 -> URBS 1 | B13: =Cadastro!$B13 -> CURITIBA | C13: =Cadastro!$C13 -> https://monitoramento.pm.pr.gov.br/proxy_image_1/ | D13: =Cadastro!$D13 -> 18601 | E13: =Cadastro!$E13 -> Camera12 | F13: =Cadastro!$F13 -> Brig. Franco x Padre Agostinho | G13: =Cadastro!$G13 -> -25.426126 | H13: =Cadastro!$H13 -> -49.285706 | I13: =Cadastro!$I13 -> copom_DDTQ | J13: =Cadastro!$J13 -> DDTQcopom | K13: http | L13: Digifort | M13: mjpg | N13: =$A13 -> URBS 1 | O13: =Cadastro!$O13 -> https://monitoramento.pm.pr.gov.br/proxy_image_1/Interface/Cameras/GetJPEGStream?Camera=Camera12&AuthUser=copom_DDTQ&AuthPass=DDTQcopom&Width=1024&Height=768&Quality=70&FPS=10&ResponseFormat=Text | P13: =Cadastro!$P13 -> 1
... A528: =Cadastro!$A528 -> URBS 4 | B528: =Cadastro!$B528 -> CURITIBA | C528: =Cadastro!$C528 -> https://monitoramento.pm.pr.gov.br/proxy_image_4/ | D528: =Cadastro!$D528 -> 48601 | E528: =Cadastro!$E528 -> Camera89 | F528: =Cadastro!$F528 -> ET Carlos Gomes > Pineirinho portas | G528: =Cadastro!$G528 -> -25.434047 | H528: =Cadastro!$H528 -> -49.269153 | I528: =Cadastro!$I528 -> copom_DDTQ | J528: =Cadastro!$J528 -> DDTQcopom | K528: http | L528: Digifort | M528: mjpg | N528: =$A528 -> URBS 4 | O528: =Cadastro!$O528 -> https://monitoramento.pm.pr.gov.br/proxy_image_4/Interface/Cameras/GetJPEGStream?Camera=Camera89&AuthUser=copom_DDTQ&AuthPass=DDTQcopom&Width=1024&Height=768&Quality=70&FPS=10&ResponseFormat=Text | P528: =Cadastro!$P528 -> 1
A529: =#REF! -> #REF! | B529: =#REF! -> #REF! | C529: =#REF! -> #REF! | D529: =#REF! -> #REF! | E529: =#REF! -> #REF! | F529: =#REF! -> #REF! | G529: =#REF! -> #REF! | H529: =#REF! -> #REF! | ... J529: =#REF! -> #REF! | K529: http | L529: Digifort | M529: mjpg | N529: =$A529 -> #REF! | O529: =#REF! -> #REF! | P529: =#REF! -> #REF!
A530: =#REF! -> #REF! | B530: =#REF! -> #REF! | C530: =#REF! -> #REF! | D530: =#REF! -> #REF! | E530: =#REF! -> #REF! | F530: =#REF! -> #REF! | G530: =#REF! -> #REF! | H530: =#REF! -> #REF! | ... J530: =#REF! -> #REF! | K530: http | L530: Digifort | M530: mjpg | N530: =$A530 -> #REF! | O530: =#REF! -> #REF! | P530: =#REF! -> #REF!
A531: =#REF! -> #REF! | B531: =#REF! -> #REF! | C531: =#REF! -> #REF! | D531: =#REF! -> #REF! | E531: =#REF! -> #REF! | F531: =#REF! -> #REF! | G531: =#REF! -> #REF! | H531: =#REF! -> #REF! | ... J531: =#REF! -> #REF! | K531: http | L531: Digifort | M531: mjpg | N531: =$A531 -> #REF! | O531: =#REF! -> #REF! | P531: =#REF! -> #REF!
A532: =#REF! -> #REF! | B532: =#REF! -> #REF! | C532: =#REF! -> #REF! | D532: =#REF! -> #REF! | E532: =#REF! -> #REF! | F532: =#REF! -> #REF! | G532: =#REF! -> #REF! | H532: =#REF! -> #REF! | ... J532: =#REF! -> #REF! | K532: http | L532: Digifort | M532: mjpg | N532: =$A532 -> #REF! | O532: =#REF! -> #REF! | P532: =#REF! -> #REF!
A533: =#REF! -> #REF! | B533: =#REF! -> #REF! | C533: =#REF! -> #REF! | D533: =#REF! -> #REF! | E533: =#REF! -> #REF! | F533: =#REF! -> #REF! | G533: =#REF! -> #REF! | H533: =#REF! -> #REF! | ... J533: =#REF! -> #REF! | K533: http | L533: Digifort | M533: mjpg | N533: =$A533 -> #REF! | O533: =#REF! -> #REF! | P533: =#REF! -> #REF!
A534: =#REF! -> #REF! | B534: =#REF! -> #REF! | C534: =#REF! -> #REF! | D534: =#REF! -> #REF! | E534: =#REF! -> #REF! | F534: =#REF! -> #REF! | G534: =#REF! -> #REF! | H534: =#REF! -> #REF! | ... J534: =#REF! -> #REF! | K534: http | L534: Digifort | M534: mjpg | N534: =$A534 -> #REF! | O534: =#REF! -> #REF! | P534: =#REF! -> #REF!
A535: =#REF! -> #REF! | B535: =#REF! -> #REF! | C535: =#REF! -> #REF! | D535: =#REF! -> #REF! | E535: =#REF! -> #REF! | F535: =#REF! -> #REF! | G535: =#REF! -> #REF! | H535: =#REF! -> #REF! | ... J535: =#REF! -> #REF! | K535: http | L535: Digifort | M535: mjpg | N535: =$A535 -> #REF! | O535: =#REF! -> #REF! | P535: =#REF! -> #REF!
A536: =#REF! -> #REF! | B536: =#REF! -> #REF! | C536: =#REF! -> #REF! | D536: =#REF! -> #REF! | E536: =#REF! -> #REF! | F536: =#REF! -> #REF! | G536: =#REF! -> #REF! | H536: =#REF! -> #REF! | ... J536: =#REF! -> #REF! | K536: http | L536: Digifort | M536: mjpg | N536: =$A536 -> #REF! | O536: =#REF! -> #REF! | P536: =#REF! -> #REF!
A537: =#REF! -> #REF! | B537: =#REF! -> #REF! | C537: =#REF! -> #REF! | D537: =#REF! -> #REF! | E537: =#REF! -> #REF! | F537: =#REF! -> #REF! | G537: =#REF! -> #REF! | H537: =#REF! -> #REF! | ... J537: =#REF! -> #REF! | K537: http | L537: Digifort | M537: mjpg | N537: =$A537 -> #REF! | O537: =#REF! -> #REF! | P537: =#REF! -> #REF!
A538: =#REF! -> #REF! | B538: =#REF! -> #REF! | C538: =#REF! -> #REF! | D538: =#REF! -> #REF! | E538: =#REF! -> #REF! | F538: =#REF! -> #REF! | G538: =#REF! -> #REF! | H538: =#REF! -> #REF! | ... J538: =#REF! -> #REF! | K538: http | L538: Digifort | M538: mjpg | N538: =$A538 -> #REF! | O538: =#REF! -> #REF! | P538: =#REF! -> #REF!
A539: =#REF! -> #REF! | B539: =#REF! -> #REF! | C539: =#REF! -> #REF! | D539: =#REF! -> #REF! | E539: =#REF! -> #REF! | F539: =#REF! -> #REF! | G539: =#REF! -> #REF! | H539: =#REF! -> #REF! | ... J539: =#REF! -> #REF! | K539: http | L539: Digifort | M539: mjpg | N539: =$A539 -> #REF! | O539: =#REF! -> #REF! | P539: =#REF! -> #REF!
A540: =#REF! -> #REF! | B540: =#REF! -> #REF! | C540: =#REF! -> #REF! | D540: =#REF! -> #REF! | E540: =#REF! -> #REF! | F540: =#REF! -> #REF! | G540: =#REF! -> #REF! | H540: =#REF! -> #REF! | ... J540: =#REF! -> #REF! | K540: http | L540: Digifort | M540: mjpg | N540: =$A540 -> #REF! | O540: =#REF! -> #REF! | P540: =#REF! -> #REF!
... A596: =#REF! -> #REF! | B596: =#REF! -> #REF! | C596: =#REF! -> #REF! | D596: =#REF! -> #REF! | E596: =#REF! -> #REF! | F596: =#REF! -> #REF! | G596: =#REF! -> #REF! | H596: =#REF! -> #REF! | ... J596: =#REF! -> #REF! | K596: http | L596: Digifort | M596: mjpg | N596: =$A596 -> #REF! | O596: =#REF! -> #REF! | P596: =#REF! -> #REF!
A597: =Cadastro!$A529 -> URBS 4 | B597: =Cadastro!$B529 -> CURITIBA | C597: =Cadastro!$C529 -> https://monitoramento.pm.pr.gov.br/proxy_image_4/ | D597: =Cadastro!$D529 -> 48601 | E597: =Cadastro!$E529 -> TE023CFTV01 | F597: =Cadastro!$F529 -> TERM. GUDALUPE C1 | G597: =Cadastro!$G529 -> 0 | H597: =Cadastro!$H529 -> 0 | I597: =Cadastro!$I529 -> copom_DDTQ | J597: =Cadastro!$J529 -> 1 | K597: http | L597: Digifort | M597: mjpg | N597: =$A597 -> URBS 4 | O597: =Cadastro!$O529 -> # | P597: =Cadastro!$P529 -> 0
A598: =Cadastro!$A530 -> URBS 4 | B598: =Cadastro!$B530 -> CURITIBA | C598: =Cadastro!$C530 -> https://monitoramento.pm.pr.gov.br/proxy_image_4/ | D598: =Cadastro!$D530 -> 48601 | E598: =Cadastro!$E530 -> TE023CFTV02 | F598: =Cadastro!$F530 -> TERM. GUDALUPE C2 | G598: =Cadastro!$G530 -> 0 | H598: =Cadastro!$H530 -> 0 | I598: =Cadastro!$I530 -> copom_DDTQ | J598: =Cadastro!$J530 -> 1 | K598: http | L598: Digifort | M598: mjpg | N598: =$A598 -> URBS 4 | O598: =Cadastro!$O530 -> # | P598: =Cadastro!$P530 -> 1
A599: =Cadastro!$A531 -> URBS 4 | B599: =Cadastro!$B531 -> CURITIBA | C599: =Cadastro!$C531 -> https://monitoramento.pm.pr.gov.br/proxy_image_4/ | D599: =Cadastro!$D531 -> 48601 | E599: =Cadastro!$E531 -> TE023CFTV03 | F599: =Cadastro!$F531 -> TERM. GUDALUPE C3 | G599: =Cadastro!$G531 -> 0 | H599: =Cadastro!$H531 -> 0 | I599: =Cadastro!$I531 -> copom_DDTQ | J599: =Cadastro!$J531 -> 1 | K599: http | L599: Digifort | M599: mjpg | N599: =$A599 -> URBS 4 | O599: =Cadastro!$O531 -> # | P599: =Cadastro!$P531 -> 1
A600: =Cadastro!$A532 -> URBS 4 | B600: =Cadastro!$B532 -> CURITIBA | C600: =Cadastro!$C532 -> https://monitoramento.pm.pr.gov.br/proxy_image_4/ | D600: =Cadastro!$D532 -> 48601 | E600: =Cadastro!$E532 -> TE023CFTV04 | F600: =Cadastro!$F532 -> TERM. GUDALUPE C4 | G600: =Cadastro!$G532 -> 0 | H600: =Cadastro!$H532 -> 0 | I600: =Cadastro!$I532 -> copom_DDTQ | J600: =Cadastro!$J532 -> 1 | K600: http | L600: Digifort | M600: mjpg | N600: =$A600 -> URBS 4 | O600: =Cadastro!$O532 -> # | P600: =Cadastro!$P532 -> 1
A601: =Cadastro!$A533 -> URBS 4 | B601: =Cadastro!$B533 -> CURITIBA | C601: =Cadastro!$C533 -> https://monitoramento.pm.pr.gov.br/proxy_image_4/ | D601: =Cadastro!$D533 -> 48601 | E601: =Cadastro!$E533 -> TE023CFTV05 | F601: =Cadastro!$F533 -> TERM. GUDALUPE C5 | G601: =Cadastro!$G533 -> 0 | H601: =Cadastro!$H533 -> 0 | I601: =Cadastro!$I533 -> copom_DDTQ | J601: =Cadastro!$J533 -> 1 | K601: http | L601: Digifort | M601: mjpg | N601: =$A601 -> URBS 4 | O601: =Cadastro!$O533 -> # | P601: =Cadastro!$P533 -> 1
A602: =Cadastro!$A534 -> URBS 4 | B602: =Cadastro!$B534 -> CURITIBA | C602: =Cadastro!$C534 -> https://monitoramento.pm.pr.gov.br/proxy_image_4/ | D602: =Cadastro!$D534 -> 48601 | E602: =Cadastro!$E534 -> TE023CFTV06 | F602: =Cadastro!$F534 -> TERM. GUDALUPE C6 | G602: =Cadastro!$G534 -> 0 | H602: =Cadastro!$H534 -> 0 | I602: =Cadastro!$I534 -> copom_DDTQ | J602: =Cadastro!$J534 -> 1 | K602: http | L602: Digifort | M602: mjpg | N602: =$A602 -> URBS 4 | O602: =Cadastro!$O534 -> # | P602: =Cadastro!$P534 -> 1
A603: =Cadastro!$A535 -> URBS 4 | B603: =Cadastro!$B535 -> CURITIBA | C603: =Cadastro!$C535 -> https://monitoramento.pm.pr.gov.br/proxy_image_4/ | D603: =Cadastro!$D535 -> 48601 | E603: =Cadastro!$E535 -> TE023CFTV07 | F603: =Cadastro!$F535 -> TERM. GUDALUPE C7 | G603: =Cadastro!$G535 -> 0 | H603: =Cadastro!$H535 -> 0 | I603: =Cadastro!$I535 -> copom_DDTQ | J603: =Cadastro!$J535 -> 1 | K603: http | L603: Digifort | M603: mjpg | N603: =$A603 -> URBS 4 | O603: =Cadastro!$O535 -> # | P603: =Cadastro!$P535 -> 1
A604: =Cadastro!$A536 -> GUARATUBA | B604: =Cadastro!$B536 -> GUARATUBA | C604: =Cadastro!$C536 -> https://monitoramento.pm.pr.gov.br/proxy_image_6/ | D604: =Cadastro!$D536 -> 8601 | E604: =Cadastro!$E536 -> C.001 | F604: =Cadastro!$F536 -> SPD - Av. Atlântica x R.Alois Cicatka (Ponta Caleiras) | G604: =Cadastro!$G536 -> -25.872658 | H604: =Cadastro!$H536 -> -48.564636 | I604: =Cadastro!$I536 -> siscop | J604: =Cadastro!$J536 -> Siscop1234 | K604: http | L604: Digifort | M604: mjpg | N604: =$A604 -> GUARATUBA | O604: =Cadastro!$O536 -> https://monitoramento.pm.pr.gov.br/proxy_image_6/Interface/Cameras/GetJPEGStream?Camera=C.001&AuthUser=siscop&AuthPass=Siscop1234&Width=1024&Height=768&Quality=70&FPS=10&ResponseFormat=Text | P604: =Cadastro!$P536 -> 1
A605: =Cadastro!$A537 -> GUARATUBA | B605: =Cadastro!$B537 -> GUARATUBA | C605: =Cadastro!$C537 -> https://monitoramento.pm.pr.gov.br/proxy_image_6/ | D605: =Cadastro!$D537 -> 8601 | E605: =Cadastro!$E537 -> C.002 | F605: =Cadastro!$F537 -> Av. Atlântica x R.Alois Cicatka (Ponta Caleiras) | G605: =Cadastro!$G537 -> -25.872658 | H605: =Cadastro!$H537 -> -48.564629 | I605: =Cadastro!$I537 -> siscop | J605: =Cadastro!$J537 -> Siscop1234 | K605: http | L605: Digifort | M605: mjpg | N605: =$A605 -> GUARATUBA | O605: =Cadastro!$O537 -> https://monitoramento.pm.pr.gov.br/proxy_image_6/Interface/Cameras/GetJPEGStream?Camera=C.002&AuthUser=siscop&AuthPass=Siscop1234&Width=1024&Height=768&Quality=70&FPS=10&ResponseFormat=Text | P605: =Cadastro!$P537 -> 1
A606: =Cadastro!$A538 -> GUARATUBA | B606: =Cadastro!$B538 -> GUARATUBA | C606: =Cadastro!$C538 -> https://monitoramento.pm.pr.gov.br/proxy_image_6/ | D606: =Cadastro!$D538 -> 8601 | E606: =Cadastro!$E538 -> C.003 | F606: =Cadastro!$F538 -> Saguao da Prefeitura Sede Nova | G606: =Cadastro!$G538 -> -25.876272 | H606: =Cadastro!$H538 -> -48.575081 | I606: =Cadastro!$I538 -> siscop | J606: =Cadastro!$J538 -> Siscop1234 | K606: http | L606: Digifort | M606: mjpg | N606: =$A606 -> GUARATUBA | O606: =Cadastro!$O538 -> https://monitoramento.pm.pr.gov.br/proxy_image_6/Interface/Cameras/GetJPEGStream?Camera=C.003&AuthUser=siscop&AuthPass=Siscop1234&Width=1024&Height=768&Quality=70&FPS=10&ResponseFormat=Text | P606: =Cadastro!$P538 -> 1
A607: =Cadastro!$A539 -> GUARATUBA | B607: =Cadastro!$B539 -> GUARATUBA | C607: =Cadastro!$C539 -> https://monitoramento.pm.pr.gov.br/proxy_image_6/ | D607: =Cadastro!$D539 -> 8601 | E607: =Cadastro!$E539 -> C.004 | F607: =Cadastro!$F539 -> SPD - Av. 29 de Abril x Av. Curitiba | G607: =Cadastro!$G539 -> -25.881739 | H607: =Cadastro!$H539 -> -48.568729 | I607: =Cadastro!$I539 -> siscop | J607: =Cadastro!$J539 -> Siscop1234 | K607: http | L607: Digifort | M607: mjpg | N607: =$A607 -> GUARATUBA | O607: =Cadastro!$O539 -> https://monitoramento.pm.pr.gov.br/proxy_image_6/Interface/Cameras/GetJPEGStream?Camera=C.004&AuthUser=siscop&AuthPass=Siscop1234&Width=1024&Height=768&Quality=70&FPS=10&ResponseFormat=Text | P607: =Cadastro!$P539 -> 1
A608: =Cadastro!$A540 -> GUARATUBA | B608: =Cadastro!$B540 -> GUARATUBA | C608: =Cadastro!$C540 -> https://monitoramento.pm.pr.gov.br/proxy_image_6/ | D608: =Cadastro!$D540 -> 8601 | E608: =Cadastro!$E540 -> C.005 | F608: =Cadastro!$F540 -> Av. 29 de Abril x Av. Curitiba | G608: =Cadastro!$G540 -> -25.881800 | H608: =Cadastro!$H540 -> -48.568718 | I608: =Cadastro!$I540 -> siscop | J608: =Cadastro!$J540 -> Siscop1234 | K608: http | L608: Digifort | M608: mjpg | N608: =$A608 -> GUARATUBA | O608: =Cadastro!$O540 -> https://monitoramento.pm.pr.gov.br/proxy_image_6/Interface/Cameras/GetJPEGStream?Camera=C.005&AuthUser=siscop&AuthPass=Siscop1234&Width=1024&Height=768&Quality=70&FPS=10&ResponseFormat=Text | P608: =Cadastro!$P540 -> 1
... A1126: =Cadastro!$A1058 -> GM-FRG | B1126: =Cadastro!$B1058 -> FAZENDA RIO GRANDE | C1126: =Cadastro!$C1058 -> https://monitoramento.pm.pr.gov.br/proxy_image_17/ | D1126: =Cadastro!$D1058 -> 8601 | E1126: =Cadastro!$E1058 -> Trazeira Portugal x Dianteira Portugal Bairro | F1126: =Cadastro!$F1058 -> Trazeira Portugal x Dianteira Portugal Bairro | G1126: =Cadastro!$G1058 -> 0 | H1126: =Cadastro!$H1058 -> 0 | I1126: =Cadastro!$I1058 -> siscop | J1126: =Cadastro!$J1058 -> Siscop1234 | K1126: http | L1126: Digifort | M1126: mjpg | N1126: =$A1126 -> GM-FRG | O1126: =Cadastro!$O1058 -> # | P1126: =Cadastro!$P1058 -> 0
P1127: =Cadastro!$P1084
P1128: =Cadastro!$P1085
P1129: =Cadastro!$P1086
P1130: =Cadastro!$P1087
P1131: =Cadastro!$P1088
P1132: =Cadastro!$P1089
P1133: =Cadastro!$P1090
P1134: =Cadastro!$P1091
P1135: =Cadastro!$P1092
P1136: =Cadastro!$P1093
P1137: =Cadastro!$P1094
P1138: =Cadastro!$P1095
... P1172: =Cadastro!$P1129
